Nume clasa statistica:,serii zilnice
Observatii despre clasa statistica:,
Nota despre clasa statistica:, serii disponibile începând din iulie 2005
Metodologie:,

Data;Euro (RON/EUR) CURSZ_EUR
20.01.2025;4,9765
17.01.2025;4,9759
16.01.2025;4,9749
15.01.2025;4,9750
14.01.2025;4,9742
13.01.2025;4,9731
10.01.2025;4,9728
09.01.2025;4,9736
08.01.2025;4,9738
03.01.2025;4,9749
31.12.2024;4,9741
30.12.2024;4,9764
27.12.2024;4,9765
24.12.2024;4,9748
23.12.2024;4,9759
20.12.2024;4,9764
19.12.2024;4,9749
18.12.2024;4,9755
17.12.2024;4,9756
16.12.2024;4,9759
13.12.2024;4,9732
12.12.2024;4,9708
11.12.2024;4,9684
10.12.2024;4,9709
09.12.2024;4,9717
06.12.2024;4,9773
05.12.2024;4,9771
04.12.2024;4,9770
03.12.2024;4,9770
02.12.2024;4,9769
29.11.2024;4,9771
28.11.2024;4,9769
27.11.2024;4,9765
26.11.2024;4,9768
25.11.2024;4,9767
22.11.2024;4,9759
21.11.2024;4,9766
20.11.2024;4,9762
19.11.2024;4,9769
18.11.2024;4,9764
15.11.2024;4,9765
14.11.2024;4,9759
13.11.2024;4,9764
12.11.2024;4,9761
11.11.2024;4,9749
08.11.2024;4,9750
07.11.2024;4,9757
06.11.2024;4,9755
05.11.2024;4,9750
04.11.2024;4,9748
01.11.2024;4,9747
31.10.2024;4,9745
30.10.2024;4,9746
29.10.2024;4,9747
28.10.2024;4,9735
25.10.2024;4,9732
24.10.2024;4,9733
23.10.2024;4,9735
22.10.2024;4,9731
21.10.2024;4,9722
18.10.2024;4,9724
17.10.2024;4,9720
16.10.2024;4,9758
15.10.2024;4,9755
14.10.2024;4,9744
11.10.2024;4,9752
10.10.2024;4,9759
09.10.2024;4,9763
08.10.2024;4,9771
07.10.2024;4,9770
04.10.2024;4,9766
03.10.2024;4,9763
02.10.2024;4,9764
01.10.2024;4,9758
30.09.2024;4,9756
27.09.2024;4,9760
26.09.2024;4,9759
25.09.2024;4,9758
24.09.2024;4,9757
23.09.2024;4,9741
20.09.2024;4,9745
19.09.2024;4,9744
18.09.2024;4,9746
17.09.2024;4,9738
16.09.2024;4,9743
13.09.2024;4,9737
12.09.2024;4,9742
11.09.2024;4,9740
10.09.2024;4,9742
09.09.2024;4,9741
06.09.2024;4,9728
05.09.2024;4,9711
04.09.2024;4,9729
03.09.2024;4,9738
02.09.2024;4,9755
30.08.2024;4,9769
29.08.2024;4,9772
28.08.2024;4,9771
27.08.2024;4,9765
26.08.2024;4,9753
23.08.2024;4,9767
22.08.2024;4,9765
21.08.2024;4,9772
20.08.2024;4,9769
19.08.2024;4,9773
16.08.2024;4,9754
14.08.2024;4,9761
13.08.2024;4,9764
12.08.2024;4,9765
09.08.2024;4,9769
08.08.2024;4,9767
07.08.2024;4,9766
06.08.2024;4,9768
05.08.2024;4,9769
02.08.2024;4,9753
01.08.2024;4,9760
31.07.2024;4,9752
30.07.2024;4,9753
29.07.2024;4,9720
26.07.2024;4,9700
25.07.2024;4,9690
24.07.2024;4,9704
23.07.2024;4,9729
22.07.2024;4,9716
19.07.2024;4,9709
18.07.2024;4,9692
17.07.2024;4,9681
16.07.2024;4,9655
15.07.2024;4,9700
12.07.2024;4,9737
11.07.2024;4,9749
10.07.2024;4,9736
09.07.2024;4,9735
08.07.2024;4,9755
05.07.2024;4,9773
04.07.2024;4,9772
03.07.2024;4,9771
02.07.2024;4,9770
01.07.2024;4,9770
28.06.2024;4,9771
27.06.2024;4,9768
26.06.2024;4,9769
25.06.2024;4,9768
21.06.2024;4,9771
20.06.2024;4,9770
19.06.2024;4,9763
18.06.2024;4,9766
17.06.2024;4,9768
14.06.2024;4,9771
13.06.2024;4,9772
12.06.2024;4,9766
11.06.2024;4,9767
10.06.2024;4,9765
07.06.2024;4,9760
06.06.2024;4,9763
05.06.2024;4,9758
04.06.2024;4,9752
03.06.2024;4,9761
31.05.2024;4,9767
30.05.2024;4,9766
29.05.2024;4,9762
28.05.2024;4,9759
27.05.2024;4,9767
24.05.2024;4,9744
23.05.2024;4,9757
22.05.2024;4,9745
21.05.2024;4,9746
20.05.2024;4,9748
17.05.2024;4,9751
16.05.2024;4,9756
15.05.2024;4,9765
14.05.2024;4,9763
13.05.2024;4,9765
10.05.2024;4,9756
09.05.2024;4,9753
08.05.2024;4,9761
07.05.2024;4,9757
02.05.2024;4,9764
30.04.2024;4,9759
29.04.2024;4,9758
26.04.2024;4,9765
25.04.2024;4,9763
24.04.2024;4,9761
23.04.2024;4,9762
22.04.2024;4,9758
19.04.2024;4,9764
18.04.2024;4,9763
17.04.2024;4,9754
16.04.2024;4,9763
15.04.2024;4,9737
12.04.2024;4,9714
11.04.2024;4,9703
10.04.2024;4,9692
09.04.2024;4,9682
08.04.2024;4,9678
05.04.2024;4,9681
04.04.2024;4,9708
03.04.2024;4,9689
02.04.2024;4,9705
01.04.2024;4,9700
29.03.2024;4,9695
28.03.2024;4,9730
27.03.2024;4,9710
26.03.2024;4,9712
25.03.2024;4,9711
22.03.2024;4,9727
21.03.2024;4,9740
20.03.2024;4,9739
19.03.2024;4,9741
18.03.2024;4,9715
15.03.2024;4,9707
14.03.2024;4,9712
13.03.2024;4,9675
12.03.2024;4,9665
11.03.2024;4,9671
08.03.2024;4,9691
07.03.2024;4,9707
06.03.2024;4,9718
05.03.2024;4,9719
04.03.2024;4,9698
01.03.2024;4,9699
29.02.2024;4,9690
28.02.2024;4,9700
27.02.2024;4,9686
26.02.2024;4,9731
23.02.2024;4,9753
22.02.2024;4,9769
21.02.2024;4,9759
20.02.2024;4,9771
19.02.2024;4,9773
16.02.2024;4,9770
15.02.2024;4,9767
14.02.2024;4,9760
13.02.2024;4,9761
12.02.2024;4,9753
09.02.2024;4,9770
08.02.2024;4,9764
07.02.2024;4,9769
06.02.2024;4,9760
05.02.2024;4,9736
02.02.2024;4,9728
01.02.2024;4,9747
31.01.2024;4,9759
30.01.2024;4,9769
29.01.2024;4,9770
26.01.2024;4,9763
25.01.2024;4,9765
23.01.2024;4,9767
22.01.2024;4,9768
19.01.2024;4,9769
18.01.2024;4,9765
17.01.2024;4,9752
16.01.2024;4,9761
15.01.2024;4,9736
12.01.2024;4,9731
11.01.2024;4,9723
10.01.2024;4,9724
09.01.2024;4,9715
08.01.2024;4,9720
05.01.2024;4,9744
04.01.2024;4,9730
03.01.2024;4,9731
29.12.2023;4,9746
28.12.2023;4,9753
27.12.2023;4,9720
22.12.2023;4,9695
21.12.2023;4,9692
20.12.2023;4,9702
19.12.2023;4,9704
18.12.2023;4,9676
15.12.2023;4,9709
14.12.2023;4,9720
13.12.2023;4,9740
12.12.2023;4,9724
11.12.2023;4,9708
08.12.2023;4,9677
07.12.2023;4,9679
06.12.2023;4,9681
05.12.2023;4,9672
04.12.2023;4,9678
29.11.2023;4,9726
28.11.2023;4,9725
27.11.2023;4,9702
24.11.2023;4,9703
23.11.2023;4,9710
22.11.2023;4,9707
21.11.2023;4,9706
20.11.2023;4,9709
17.11.2023;4,9711
16.11.2023;4,9704
15.11.2023;4,9701
14.11.2023;4,9723
13.11.2023;4,9703
10.11.2023;4,9692
09.11.2023;4,9673
08.11.2023;4,9674
07.11.2023;4,9696
06.11.2023;4,9695
03.11.2023;4,9701
02.11.2023;4,9693
01.11.2023;4,9685
31.10.2023;4,9669
30.10.2023;4,9647
27.10.2023;4,9681
26.10.2023;4,9643
25.10.2023;4,9628
24.10.2023;4,9678
23.10.2023;4,9724
20.10.2023;4,9734
19.10.2023;4,9720
18.10.2023;4,9705
17.10.2023;4,9676
16.10.2023;4,9654
13.10.2023;4,9645
12.10.2023;4,9627
11.10.2023;4,9658
10.10.2023;4,9656
09.10.2023;4,9682
06.10.2023;4,9631
05.10.2023;4,9700
04.10.2023;4,9752
03.10.2023;4,9745
02.10.2023;4,9744
29.09.2023;4,9746
28.09.2023;4,9749
27.09.2023;4,9743
26.09.2023;4,9696
25.09.2023;4,9677
22.09.2023;4,9675
21.09.2023;4,9707
20.09.2023;4,9711
19.09.2023;4,9691
18.09.2023;4,9679
15.09.2023;4,9690
14.09.2023;4,9695
13.09.2023;4,9697
12.09.2023;4,9690
11.09.2023;4,9660
08.09.2023;4,9643
07.09.2023;4,9632
06.09.2023;4,9615
05.09.2023;4,9491
04.09.2023;4,9465
01.09.2023;4,9440
31.08.2023;4,9412
30.08.2023;4,9424
29.08.2023;4,9418
28.08.2023;4,9358
25.08.2023;4,9388
24.08.2023;4,9345
23.08.2023;4,9405
22.08.2023;4,9373
21.08.2023;4,9416
18.08.2023;4,9442
17.08.2023;4,9345
16.08.2023;4,9354
14.08.2023;4,9422
11.08.2023;4,9418
10.08.2023;4,9433
09.08.2023;4,9477
08.08.2023;4,9497
07.08.2023;4,9490
04.08.2023;4,9521
03.08.2023;4,9382
02.08.2023;4,9339
01.08.2023;4,9334
31.07.2023;4,9346
28.07.2023;4,9322
27.07.2023;4,9285
26.07.2023;4,9292
25.07.2023;4,9198
24.07.2023;4,9245
21.07.2023;4,9377
20.07.2023;4,9403
19.07.2023;4,9465
18.07.2023;4,9385
17.07.2023;4,9406
14.07.2023;4,9426
13.07.2023;4,9437
12.07.2023;4,9510
11.07.2023;4,9501
10.07.2023;4,9514
07.07.2023;4,9540
06.07.2023;4,9507
05.07.2023;4,9473
04.07.2023;4,9503
03.07.2023;4,9517
30.06.2023;4,9634
29.06.2023;4,9644
28.06.2023;4,9583
27.06.2023;4,9630
26.06.2023;4,9556
23.06.2023;4,9561
22.06.2023;4,9636
21.06.2023;4,9627
20.06.2023;4,9631
19.06.2023;4,9596
16.06.2023;4,9604
15.06.2023;4,9586
14.06.2023;4,9559
13.06.2023;4,9609
12.06.2023;4,9568
09.06.2023;4,9560
08.06.2023;4,9543
07.06.2023;4,9578
06.06.2023;4,9615
02.06.2023;4,9633
31.05.2023;4,9696
30.05.2023;4,9640
29.05.2023;4,9580
26.05.2023;4,9575
25.05.2023;4,9578
24.05.2023;4,9624
23.05.2023;4,9710
22.05.2023;4,9780
19.05.2023;4,9783
18.05.2023;4,9731
17.05.2023;4,9610
16.05.2023;4,9462
15.05.2023;4,9365
12.05.2023;4,9324
11.05.2023;4,9294
10.05.2023;4,9221
09.05.2023;4,9202
08.05.2023;4,9256
05.05.2023;4,9273
04.05.2023;4,9295
03.05.2023;4,9298
02.05.2023;4,9290
28.04.2023;4,9353
27.04.2023;4,9439
26.04.2023;4,9401
25.04.2023;4,9340
24.04.2023;4,9293
21.04.2023;4,9401
20.04.2023;4,9305
19.04.2023;4,9330
18.04.2023;4,9372
13.04.2023;4,9432
12.04.2023;4,9381
11.04.2023;4,9338
10.04.2023;4,9315
07.04.2023;4,9367
06.04.2023;4,9370
05.04.2023;4,9316
04.04.2023;4,9380
03.04.2023;4,9419
31.03.2023;4,9491
30.03.2023;4,9485
29.03.2023;4,9479
28.03.2023;4,9481
27.03.2023;4,9405
24.03.2023;4,9255
23.03.2023;4,9214
22.03.2023;4,9232
21.03.2023;4,9209
20.03.2023;4,9219
17.03.2023;4,9200
16.03.2023;4,9190
15.03.2023;4,9207
14.03.2023;4,9253
13.03.2023;4,9155
10.03.2023;4,9136
09.03.2023;4,9156
08.03.2023;4,9157
07.03.2023;4,9209
06.03.2023;4,9209
03.03.2023;4,9213
02.03.2023;4,9218
01.03.2023;4,9267
28.02.2023;4,9200
27.02.2023;4,9185
24.02.2023;4,9170
23.02.2023;4,9115
22.02.2023;4,9248
21.02.2023;4,9193
20.02.2023;4,9196
17.02.2023;4,9040
16.02.2023;4,9007
15.02.2023;4,8993
14.02.2023;4,9012
13.02.2023;4,9037
10.02.2023;4,9045
09.02.2023;4,8900
08.02.2023;4,8962
07.02.2023;4,9022
06.02.2023;4,9036
03.02.2023;4,9005
02.02.2023;4,9024
01.02.2023;4,9148
31.01.2023;4,9221
30.01.2023;4,9030
27.01.2023;4,8922
26.01.2023;4,8858
25.01.2023;4,9016
23.01.2023;4,9198
20.01.2023;4,9255
19.01.2023;4,9293
18.01.2023;4,9355
17.01.2023;4,9314
16.01.2023;4,9405
13.01.2023;4,9413
12.01.2023;4,9359
11.01.2023;4,9328
10.01.2023;4,9253
09.01.2023;4,9252
06.01.2023;4,9293
05.01.2023;4,9243
04.01.2023;4,9264
03.01.2023;4,9273
30.12.2022;4,9474
29.12.2022;4,9458
28.12.2022;4,9463
27.12.2022;4,9278
23.12.2022;4,9020
22.12.2022;4,8981
21.12.2022;4,9023
20.12.2022;4,9140
19.12.2022;4,9176
16.12.2022;4,9199
15.12.2022;4,9206
14.12.2022;4,9248
13.12.2022;4,9314
12.12.2022;4,9286
09.12.2022;4,9211
08.12.2022;4,9192
07.12.2022;4,9186
06.12.2022;4,9126
05.12.2022;4,9207
02.12.2022;4,9297
29.11.2022;4,9184
28.11.2022;4,9266
25.11.2022;4,9250
24.11.2022;4,9309
23.11.2022;4,9385
22.11.2022;4,9253
21.11.2022;4,9417
18.11.2022;4,9418
17.11.2022;4,9267
16.11.2022;4,9209
15.11.2022;4,9032
14.11.2022;4,8982
11.11.2022;4,8902
10.11.2022;4,8919
09.11.2022;4,9052
08.11.2022;4,8912
07.11.2022;4,8871
04.11.2022;4,8876
03.11.2022;4,9010
02.11.2022;4,9113
01.11.2022;4,9134
31.10.2022;4,9141
28.10.2022;4,9128
27.10.2022;4,8890
26.10.2022;4,8793
25.10.2022;4,9038
24.10.2022;4,9139
21.10.2022;4,9130
20.10.2022;4,9246
19.10.2022;4,9290
18.10.2022;4,9357
17.10.2022;4,9360
14.10.2022;4,9350
13.10.2022;4,9416
12.10.2022;4,9397
11.10.2022;4,9367
10.10.2022;4,9395
07.10.2022;4,9410
06.10.2022;4,9366
05.10.2022;4,9419
04.10.2022;4,9471
03.10.2022;4,9480
30.09.2022;4,9490
29.09.2022;4,9486
28.09.2022;4,9479
27.09.2022;4,9437
26.09.2022;4,9427
23.09.2022;4,9437
22.09.2022;4,9412
21.09.2022;4,9436
20.09.2022;4,9313
19.09.2022;4,9226
16.09.2022;4,9253
15.09.2022;4,9259
14.09.2022;4,9247
13.09.2022;4,9216
12.09.2022;4,9047
09.09.2022;4,8936
08.09.2022;4,8707
07.09.2022;4,8580
06.09.2022;4,8287
05.09.2022;4,8215
02.09.2022;4,8344
01.09.2022;4,8525
31.08.2022;4,8605
30.08.2022;4,8652
29.08.2022;4,8707
26.08.2022;4,8734
25.08.2022;4,8756
24.08.2022;4,8818
23.08.2022;4,8851
22.08.2022;4,8853
19.08.2022;4,8806
18.08.2022;4,8793
17.08.2022;4,8849
16.08.2022;4,8831
12.08.2022;4,8909
11.08.2022;4,9090
10.08.2022;4,9132
09.08.2022;4,9050
08.08.2022;4,9210
05.08.2022;4,9264
04.08.2022;4,9263
03.08.2022;4,9252
02.08.2022;4,9262
01.08.2022;4,9287
29.07.2022;4,9351
28.07.2022;4,9353
27.07.2022;4,9337
26.07.2022;4,9328
25.07.2022;4,9310
22.07.2022;4,9324
21.07.2022;4,9391
20.07.2022;4,9399
19.07.2022;4,9395
18.07.2022;4,9390
15.07.2022;4,9408
14.07.2022;4,9418
13.07.2022;4,9414
12.07.2022;4,9411
11.07.2022;4,9430
08.07.2022;4,9439
07.07.2022;4,9451
06.07.2022;4,9454
05.07.2022;4,9449
04.07.2022;4,9448
01.07.2022;4,9461
30.06.2022;4,9454
29.06.2022;4,9430
28.06.2022;4,9457
27.06.2022;4,9459
24.06.2022;4,9471
23.06.2022;4,9464
22.06.2022;4,9469
21.06.2022;4,9475
20.06.2022;4,9448
17.06.2022;4,9472
16.06.2022;4,9443
15.06.2022;4,9449
14.06.2022;4,9439
10.06.2022;4,9432
09.06.2022;4,9454
08.06.2022;4,9456
07.06.2022;4,9426
06.06.2022;4,9419
03.06.2022;4,9427
02.06.2022;4,9411
31.05.2022;4,9430
30.05.2022;4,9438
27.05.2022;4,9429
26.05.2022;4,9423
25.05.2022;4,9417
24.05.2022;4,9457
23.05.2022;4,9472
20.05.2022;4,9477
19.05.2022;4,9474
18.05.2022;4,9472
17.05.2022;4,9477
16.05.2022;4,9469
13.05.2022;4,9458
12.05.2022;4,9480
11.05.2022;4,9479
10.05.2022;4,9457
09.05.2022;4,9469
06.05.2022;4,9490
05.05.2022;4,9486
04.05.2022;4,9471
03.05.2022;4,9469
02.05.2022;4,9476
29.04.2022;4,9480
28.04.2022;4,9475
27.04.2022;4,9474
26.04.2022;4,9457
21.04.2022;4,9441
20.04.2022;4,9422
19.04.2022;4,9415
18.04.2022;4,9416
15.04.2022;4,9432
14.04.2022;4,9443
13.04.2022;4,9413
12.04.2022;4,9412
11.04.2022;4,9409
08.04.2022;4,9419
07.04.2022;4,9426
06.04.2022;4,9447
05.04.2022;4,9431
04.04.2022;4,9437
01.04.2022;4,9454
31.03.2022;4,9466
30.03.2022;4,9470
29.03.2022;4,9475
28.03.2022;4,9483
25.03.2022;4,9489
24.03.2022;4,9490
23.03.2022;4,9459
22.03.2022;4,9452
21.03.2022;4,9474
18.03.2022;4,9481
17.03.2022;4,9461
16.03.2022;4,9476
15.03.2022;4,9487
14.03.2022;4,9490
11.03.2022;4,9489
10.03.2022;4,9488
09.03.2022;4,9490
08.03.2022;4,9492
07.03.2022;4,9490
04.03.2022;4,9491
03.03.2022;4,9489
02.03.2022;4,9490
01.03.2022;4,9487
28.02.2022;4,9480
25.02.2022;4,9479
24.02.2022;4,9489
23.02.2022;4,9463
22.02.2022;4,9458
21.02.2022;4,9447
18.02.2022;4,9445
17.02.2022;4,9439
16.02.2022;4,9405
15.02.2022;4,9434
14.02.2022;4,9455
11.02.2022;4,9447
10.02.2022;4,9450
09.02.2022;4,9459
08.02.2022;4,9458
07.02.2022;4,9460
04.02.2022;4,9462
03.02.2022;4,9457
02.02.2022;4,9462
01.02.2022;4,9464
31.01.2022;4,9468
28.01.2022;4,9459
27.01.2022;4,9453
26.01.2022;4,9443
25.01.2022;4,9440
21.01.2022;4,9449
20.01.2022;4,9452
19.01.2022;4,9447
18.01.2022;4,9445
17.01.2022;4,9440
14.01.2022;4,9432
13.01.2022;4,9435
12.01.2022;4,9445
11.01.2022;4,9452
10.01.2022;4,9439
07.01.2022;4,9436
06.01.2022;4,9431
05.01.2022;4,9460
04.01.2022;4,9464
03.01.2022;4,9474
31.12.2021;4,9481
30.12.2021;4,9486
29.12.2021;4,9490
28.12.2021;4,9491
27.12.2021;4,9492
24.12.2021;4,9490
23.12.2021;4,9488
22.12.2021;4,9489
21.12.2021;4,9491
20.12.2021;4,9488
17.12.2021;4,9492
16.12.2021;4,9491
15.12.2021;4,9489
14.12.2021;4,9492
13.12.2021;4,9491
10.12.2021;4,9490
09.12.2021;4,9491
08.12.2021;4,9488
07.12.2021;4,9485
06.12.2021;4,9483
03.12.2021;4,9487
02.12.2021;4,9490
29.11.2021;4,9490
26.11.2021;4,9491
25.11.2021;4,9490
24.11.2021;4,9491
23.11.2021;4,9487
22.11.2021;4,9491
19.11.2021;4,9490
18.11.2021;4,9488
17.11.2021;4,9491
16.11.2021;4,9487
15.11.2021;4,9489
12.11.2021;4,9476
11.11.2021;4,9489
10.11.2021;4,9490
09.11.2021;4,9482
08.11.2021;4,9489
05.11.2021;4,9485
04.11.2021;4,9486
03.11.2021;4,9490
02.11.2021;4,9487
01.11.2021;4,9488
29.10.2021;4,9489
28.10.2021;4,9490
27.10.2021;4,9486
26.10.2021;4,9476
25.10.2021;4,9472
22.10.2021;4,9467
21.10.2021;4,9470
20.10.2021;4,9488
19.10.2021;4,9490
18.10.2021;4,9481
15.10.2021;4,9484
14.10.2021;4,9488
13.10.2021;4,9490
12.10.2021;4,9485
11.10.2021;4,9486
08.10.2021;4,9470
07.10.2021;4,9475
06.10.2021;4,9483
05.10.2021;4,9485
04.10.2021;4,9469
01.10.2021;4,9479
30.09.2021;4,9471
29.09.2021;4,9480
28.09.2021;4,9481
27.09.2021;4,9488
24.09.2021;4,9491
23.09.2021;4,9490
22.09.2021;4,9495
21.09.2021;4,9485
20.09.2021;4,9481
17.09.2021;4,9473
16.09.2021;4,9482
15.09.2021;4,9481
14.09.2021;4,9475
13.09.2021;4,9444
10.09.2021;4,9432
09.09.2021;4,9482
08.09.2021;4,9479
07.09.2021;4,9488
06.09.2021;4,9475
03.09.2021;4,9416
02.09.2021;4,9386
01.09.2021;4,9345
31.08.2021;4,9348
30.08.2021;4,9349
27.08.2021;4,9334
26.08.2021;4,9306
25.08.2021;4,9284
24.08.2021;4,9286
23.08.2021;4,9335
20.08.2021;4,9338
19.08.2021;4,9278
18.08.2021;4,9259
17.08.2021;4,9232
16.08.2021;4,9120
13.08.2021;4,9118
12.08.2021;4,9148
11.08.2021;4,9158
10.08.2021;4,9161
09.08.2021;4,9131
06.08.2021;4,9145
05.08.2021;4,9176
04.08.2021;4,9184
03.08.2021;4,9183
02.08.2021;4,9171
30.07.2021;4,9198
29.07.2021;4,9209
28.07.2021;4,9197
27.07.2021;4,9194
26.07.2021;4,9208
23.07.2021;4,9219
22.07.2021;4,9241
21.07.2021;4,9247
20.07.2021;4,9253
19.07.2021;4,9262
16.07.2021;4,9274
15.07.2021;4,9277
14.07.2021;4,9283
13.07.2021;4,9278
12.07.2021;4,9275
09.07.2021;4,9281
08.07.2021;4,9268
07.07.2021;4,9270
06.07.2021;4,9265
05.07.2021;4,9266
02.07.2021;4,9269
01.07.2021;4,9261
30.06.2021;4,9267
29.06.2021;4,9262
28.06.2021;4,9260
25.06.2021;4,9254
24.06.2021;4,9242
23.06.2021;4,9259
22.06.2021;4,9253
18.06.2021;4,9250
17.06.2021;4,9242
16.06.2021;4,9241
15.06.2021;4,9243
14.06.2021;4,9188
11.06.2021;4,9202
10.06.2021;4,9218
09.06.2021;4,9232
08.06.2021;4,9229
07.06.2021;4,9230
04.06.2021;4,9228
03.06.2021;4,9227
02.06.2021;4,9197
31.05.2021;4,9198
28.05.2021;4,9190
27.05.2021;4,9160
26.05.2021;4,9225
25.05.2021;4,9246
24.05.2021;4,9261
21.05.2021;4,9268
20.05.2021;4,9265
19.05.2021;4,9267
18.05.2021;4,9268
17.05.2021;4,9256
14.05.2021;4,9253
13.05.2021;4,9265
12.05.2021;4,9263
11.05.2021;4,9265
10.05.2021;4,9259
07.05.2021;4,9262
06.05.2021;4,9266
05.05.2021;4,9254
04.05.2021;4,9256
29.04.2021;4,9247
28.04.2021;4,9270
27.04.2021;4,9260
26.04.2021;4,9238
23.04.2021;4,9257
22.04.2021;4,9255
21.04.2021;4,9260
20.04.2021;4,9279
19.04.2021;4,9261
16.04.2021;4,9243
15.04.2021;4,9245
14.04.2021;4,9226
13.04.2021;4,9225
12.04.2021;4,9205
09.04.2021;4,9212
08.04.2021;4,9228
07.04.2021;4,9168
06.04.2021;4,9170
05.04.2021;4,9161
02.04.2021;4,9106
01.04.2021;4,9117
31.03.2021;4,9251
30.03.2021;4,9156
29.03.2021;4,8972
26.03.2021;4,8869
25.03.2021;4,8864
24.03.2021;4,8886
23.03.2021;4,8888
22.03.2021;4,8850
19.03.2021;4,8858
18.03.2021;4,8876
17.03.2021;4,8879
16.03.2021;4,8861
15.03.2021;4,8846
12.03.2021;4,8854
11.03.2021;4,8854
10.03.2021;4,8863
09.03.2021;4,8849
08.03.2021;4,8838
05.03.2021;4,8831
04.03.2021;4,8784
03.03.2021;4,8768
02.03.2021;4,8747
01.03.2021;4,8744
26.02.2021;4,8745
25.02.2021;4,8725
24.02.2021;4,8743
23.02.2021;4,8745
22.02.2021;4,8746
19.02.2021;4,8747
18.02.2021;4,8748
17.02.2021;4,8746
16.02.2021;4,8747
15.02.2021;4,8745
12.02.2021;4,8743
11.02.2021;4,8741
10.02.2021;4,8744
09.02.2021;4,8745
08.02.2021;4,8740
05.02.2021;4,8744
04.02.2021;4,8742
03.02.2021;4,8713
02.02.2021;4,8739
01.02.2021;4,8728
29.01.2021;4,8743
28.01.2021;4,8742
27.01.2021;4,8745
26.01.2021;4,8746
25.01.2021;4,8744
22.01.2021;4,8740
21.01.2021;4,8738
20.01.2021;4,8741
19.01.2021;4,8742
18.01.2021;4,8740
15.01.2021;4,8737
14.01.2021;4,8728
13.01.2021;4,8738
12.01.2021;4,8715
11.01.2021;4,8709
08.01.2021;4,8704
07.01.2021;4,8701
06.01.2021;4,8700
05.01.2021;4,8710
04.01.2021;4,8691
31.12.2020;4,8694
30.12.2020;4,8744
29.12.2020;4,8743
28.12.2020;4,8735
24.12.2020;4,8720
23.12.2020;4,8705
22.12.2020;4,8649
21.12.2020;4,8663
18.12.2020;4,8677
17.12.2020;4,8697
16.12.2020;4,8684
15.12.2020;4,8686
14.12.2020;4,8730
11.12.2020;4,8693
10.12.2020;4,8692
09.12.2020;4,8680
08.12.2020;4,8735
07.12.2020;4,8733
04.12.2020;4,8725
03.12.2020;4,8736
02.12.2020;4,8721
27.11.2020;4,8735
26.11.2020;4,8738
25.11.2020;4,8730
24.11.2020;4,8703
23.11.2020;4,8732
20.11.2020;4,8730
19.11.2020;4,8729
18.11.2020;4,8725
17.11.2020;4,8729
16.11.2020;4,8715
13.11.2020;4,8690
12.11.2020;4,8686
11.11.2020;4,8678
10.11.2020;4,8667
09.11.2020;4,8674
06.11.2020;4,8668
05.11.2020;4,8657
04.11.2020;4,8672
03.11.2020;4,8675
02.11.2020;4,8643
30.10.2020;4,8743
29.10.2020;4,8747
28.10.2020;4,8746
27.10.2020;4,8741
26.10.2020;4,8731
23.10.2020;4,8744
22.10.2020;4,8730
21.10.2020;4,8737
20.10.2020;4,8738
19.10.2020;4,8746
16.10.2020;4,8737
15.10.2020;4,8736
14.10.2020;4,8734
13.10.2020;4,8739
12.10.2020;4,8718
09.10.2020;4,8720
08.10.2020;4,8741
07.10.2020;4,8729
06.10.2020;4,8742
05.10.2020;4,8695
02.10.2020;4,8718
01.10.2020;4,8721
30.09.2020;4,8698
29.09.2020;4,8738
28.09.2020;4,8705
25.09.2020;4,8750
24.09.2020;4,8722
23.09.2020;4,8641
22.09.2020;4,8590
21.09.2020;4,8583
18.09.2020;4,8582
17.09.2020;4,8595
16.09.2020;4,8586
15.09.2020;4,8567
14.09.2020;4,8573
11.09.2020;4,8567
10.09.2020;4,8573
09.09.2020;4,8590
08.09.2020;4,8545
07.09.2020;4,8552
04.09.2020;4,8492
03.09.2020;4,8442
02.09.2020;4,8409
01.09.2020;4,8393
31.08.2020;4,8404
28.08.2020;4,8387
27.08.2020;4,8424
26.08.2020;4,8404
25.08.2020;4,8392
24.08.2020;4,8402
21.08.2020;4,8400
20.08.2020;4,8396
19.08.2020;4,8390
18.08.2020;4,8349
17.08.2020;4,8344
14.08.2020;4,8358
13.08.2020;4,8344
12.08.2020;4,8357
11.08.2020;4,8347
10.08.2020;4,8359
07.08.2020;4,8375
06.08.2020;4,8359
05.08.2020;4,8336
04.08.2020;4,8341
03.08.2020;4,8351
31.07.2020;4,8316
30.07.2020;4,8321
29.07.2020;4,8342
28.07.2020;4,8335
27.07.2020;4,8276
24.07.2020;4,8340
23.07.2020;4,8353
22.07.2020;4,8401
21.07.2020;4,8417
20.07.2020;4,8427
17.07.2020;4,8428
16.07.2020;4,8429
15.07.2020;4,8433
14.07.2020;4,8430
13.07.2020;4,8423
10.07.2020;4,8418
09.07.2020;4,8408
08.07.2020;4,8406
07.07.2020;4,8397
06.07.2020;4,8365
03.07.2020;4,8378
02.07.2020;4,8319
01.07.2020;4,8372
30.06.2020;4,8423
29.06.2020;4,8439
26.06.2020;4,8421
25.06.2020;4,8422
24.06.2020;4,8432
23.06.2020;4,8428
22.06.2020;4,8415
19.06.2020;4,8421
18.06.2020;4,8394
17.06.2020;4,8350
16.06.2020;4,8360
15.06.2020;4,8337
12.06.2020;4,8340
11.06.2020;4,8358
10.06.2020;4,8338
09.06.2020;4,8377
05.06.2020;4,8393
04.06.2020;4,8387
03.06.2020;4,8398
02.06.2020;4,8419
29.05.2020;4,8426
28.05.2020;4,8421
27.05.2020;4,8432
26.05.2020;4,8415
25.05.2020;4,8396
22.05.2020;4,8422
21.05.2020;4,8425
20.05.2020;4,8421
19.05.2020;4,8395
18.05.2020;4,8392
15.05.2020;4,8390
14.05.2020;4,8376
13.05.2020;4,8349
12.05.2020;4,8297
11.05.2020;4,8295
08.05.2020;4,8278
07.05.2020;4,8242
06.05.2020;4,8258
05.05.2020;4,8290
04.05.2020;4,8387
30.04.2020;4,8421
29.04.2020;4,8425
28.04.2020;4,8436
27.04.2020;4,8360
24.04.2020;4,8412
23.04.2020;4,8414
22.04.2020;4,8382
21.04.2020;4,8345
16.04.2020;4,8360
15.04.2020;4,8345
14.04.2020;4,8327
13.04.2020;4,8297
10.04.2020;4,8277
09.04.2020;4,8278
08.04.2020;4,8338
07.04.2020;4,8314
06.04.2020;4,8280
03.04.2020;4,8286
02.04.2020;4,8288
01.04.2020;4,8246
31.03.2020;4,8254
30.03.2020;4,8297
27.03.2020;4,8332
26.03.2020;4,8345
25.03.2020;4,8367
24.03.2020;4,8445
23.03.2020;4,8443
20.03.2020;4,8444
19.03.2020;4,8440
18.03.2020;4,8438
17.03.2020;4,8448
16.03.2020;4,8242
13.03.2020;4,8174
12.03.2020;4,8157
11.03.2020;4,8167
10.03.2020;4,8170
09.03.2020;4,8184
06.03.2020;4,8110
05.03.2020;4,8086
04.03.2020;4,8057
03.03.2020;4,8074
02.03.2020;4,8103
28.02.2020;4,8127
27.02.2020;4,8068
26.02.2020;4,8074
25.02.2020;4,8079
24.02.2020;4,8024
21.02.2020;4,8026
20.02.2020;4,7834
19.02.2020;4,7789
18.02.2020;4,7800
17.02.2020;4,7748
14.02.2020;4,7694
13.02.2020;4,7646
12.02.2020;4,7662
11.02.2020;4,7696
10.02.2020;4,7668
07.02.2020;4,7642
06.02.2020;4,7651
05.02.2020;4,7768
04.02.2020;4,7779
03.02.2020;4,7788
31.01.2020;4,7779
30.01.2020;4,7790
29.01.2020;4,7769
28.01.2020;4,7787
27.01.2020;4,7798
23.01.2020;4,7790
22.01.2020;4,7786
21.01.2020;4,7790
20.01.2020;4,7788
17.01.2020;4,7792
16.01.2020;4,7795
15.01.2020;4,7798
14.01.2020;4,7794
13.01.2020;4,7791
10.01.2020;4,7795
09.01.2020;4,7774
08.01.2020;4,7776
07.01.2020;4,7750
06.01.2020;4,7760
03.01.2020;4,7789
31.12.2019;4,7793
30.12.2019;4,7785
27.12.2019;4,7799
24.12.2019;4,7794
23.12.2019;4,7716
20.12.2019;4,7736
19.12.2019;4,7740
18.12.2019;4,7773
17.12.2019;4,7769
16.12.2019;4,7781
13.12.2019;4,7786
12.12.2019;4,7791
11.12.2019;4,7794
10.12.2019;4,7787
09.12.2019;4,7777
06.12.2019;4,7785
05.12.2019;4,7764
04.12.2019;4,7744
03.12.2019;4,7762
02.12.2019;4,7777
29.11.2019;4,7781
28.11.2019;4,7788
27.11.2019;4,7792
26.11.2019;4,7765
25.11.2019;4,7722
22.11.2019;4,7729
21.11.2019;4,7808
20.11.2019;4,7776
19.11.2019;4,7759
18.11.2019;4,7729
15.11.2019;4,7667
14.11.2019;4,7669
13.11.2019;4,7635
12.11.2019;4,7619
11.11.2019;4,7627
08.11.2019;4,7615
07.11.2019;4,7597
06.11.2019;4,7626
05.11.2019;4,7540
04.11.2019;4,7550
01.11.2019;4,7545
31.10.2019;4,7576
30.10.2019;4,7572
29.10.2019;4,7567
28.10.2019;4,7569
25.10.2019;4,7563
24.10.2019;4,7528
23.10.2019;4,7600
22.10.2019;4,7601
21.10.2019;4,7592
18.10.2019;4,7556
17.10.2019;4,7550
16.10.2019;4,7537
15.10.2019;4,7524
14.10.2019;4,7536
11.10.2019;4,7582
10.10.2019;4,7498
09.10.2019;4,7502
08.10.2019;4,7479
07.10.2019;4,7472
04.10.2019;4,7483
03.10.2019;4,7483
02.10.2019;4,7499
01.10.2019;4,7512
30.09.2019;4,7511
27.09.2019;4,7505
26.09.2019;4,7460
25.09.2019;4,7439
24.09.2019;4,7485
23.09.2019;4,7491
20.09.2019;4,7432
19.09.2019;4,7415
18.09.2019;4,7354
17.09.2019;4,7352
16.09.2019;4,7340
13.09.2019;4,7354
12.09.2019;4,7363
11.09.2019;4,7340
10.09.2019;4,7318
09.09.2019;4,7320
06.09.2019;4,7332
05.09.2019;4,7300
04.09.2019;4,7272
03.09.2019;4,7273
02.09.2019;4,7230
30.08.2019;4,7294
29.08.2019;4,7277
28.08.2019;4,7305
27.08.2019;4,7322
26.08.2019;4,7251
23.08.2019;4,7216
22.08.2019;4,7260
21.08.2019;4,7274
20.08.2019;4,7305
19.08.2019;4,7284
16.08.2019;4,7274
14.08.2019;4,7216
13.08.2019;4,7270
12.08.2019;4,7265
09.08.2019;4,7273
08.08.2019;4,7307
07.08.2019;4,7309
06.08.2019;4,7311
05.08.2019;4,7334
02.08.2019;4,7340
01.08.2019;4,7317
31.07.2019;4,7336
30.07.2019;4,7301
29.07.2019;4,7278
26.07.2019;4,7273
25.07.2019;4,7218
24.07.2019;4,7194
23.07.2019;4,7204
22.07.2019;4,7231
19.07.2019;4,7315
18.07.2019;4,7326
17.07.2019;4,7345
16.07.2019;4,7340
15.07.2019;4,7320
12.07.2019;4,7317
11.07.2019;4,7339
10.07.2019;4,7337
09.07.2019;4,7269
08.07.2019;4,7214
05.07.2019;4,7245
04.07.2019;4,7240
03.07.2019;4,7356
02.07.2019;4,7352
01.07.2019;4,7328
28.06.2019;4,7351
27.06.2019;4,7224
26.06.2019;4,7199
25.06.2019;4,7205
24.06.2019;4,7223
21.06.2019;4,7233
20.06.2019;4,7287
19.06.2019;4,7260
18.06.2019;4,7249
14.06.2019;4,7228
13.06.2019;4,7227
12.06.2019;4,7229
11.06.2019;4,7232
10.06.2019;4,7182
07.06.2019;4,7190
06.06.2019;4,7183
05.06.2019;4,7295
04.06.2019;4,7348
03.06.2019;4,7450
31.05.2019;4,7487
30.05.2019;4,7582
29.05.2019;4,7607
28.05.2019;4,7619
27.05.2019;4,7601
24.05.2019;4,7612
23.05.2019;4,7601
22.05.2019;4,7625
21.05.2019;4,7627
20.05.2019;4,7607
17.05.2019;4,7621
16.05.2019;4,7616
15.05.2019;4,7615
14.05.2019;4,7616
13.05.2019;4,7607
10.05.2019;4,7584
09.05.2019;4,7599
08.05.2019;4,7578
07.05.2019;4,7586
06.05.2019;4,7552
03.05.2019;4,7561
02.05.2019;4,7579
30.04.2019;4,7582
25.04.2019;4,7581
24.04.2019;4,7560
23.04.2019;4,7581
22.04.2019;4,7584
19.04.2019;4,7607
18.04.2019;4,7619
17.04.2019;4,7622
16.04.2019;4,7599
15.04.2019;4,7619
12.04.2019;4,7587
11.04.2019;4,7596
10.04.2019;4,7611
09.04.2019;4,7526
08.04.2019;4,7507
05.04.2019;4,7508
04.04.2019;4,7542
03.04.2019;4,7585
02.04.2019;4,7614
01.04.2019;4,7625
29.03.2019;4,7628
28.03.2019;4,7603
27.03.2019;4,7620
26.03.2019;4,7564
25.03.2019;4,7538
22.03.2019;4,7509
21.03.2019;4,7558
20.03.2019;4,7607
19.03.2019;4,7564
18.03.2019;4,7525
15.03.2019;4,7569
14.03.2019;4,7640
13.03.2019;4,7632
12.03.2019;4,7568
11.03.2019;4,7516
08.03.2019;4,7410
07.03.2019;4,7448
06.03.2019;4,7473
05.03.2019;4,7506
04.03.2019;4,7397
01.03.2019;4,7433
28.02.2019;4,7416
27.02.2019;4,7408
26.02.2019;4,7617
25.02.2019;4,7594
22.02.2019;4,7619
21.02.2019;4,7559
20.02.2019;4,7576
19.02.2019;4,7480
18.02.2019;4,7401
15.02.2019;4,7383
14.02.2019;4,7451
13.02.2019;4,7435
12.02.2019;4,7412
11.02.2019;4,7437
08.02.2019;4,7445
07.02.2019;4,7391
06.02.2019;4,7427
05.02.2019;4,7440
04.02.2019;4,7546
01.02.2019;4,7517
31.01.2019;4,7348
30.01.2019;4,7555
29.01.2019;4,7601
28.01.2019;4,7628
25.01.2019;4,7648
23.01.2019;4,7569
22.01.2019;4,7142
21.01.2019;4,7081
18.01.2019;4,6975
17.01.2019;4,6890
16.01.2019;4,6830
15.01.2019;4,6822
14.01.2019;4,6771
11.01.2019;4,6782
10.01.2019;4,6764
09.01.2019;4,6722
08.01.2019;4,6670
07.01.2019;4,6634
04.01.2019;4,6647
03.01.2019;4,6656
31.12.2018;4,6639
28.12.2018;4,6581
27.12.2018;4,6471
24.12.2018;4,6413
21.12.2018;4,6458
20.12.2018;4,6598
19.12.2018;4,6571
18.12.2018;4,6478
17.12.2018;4,6550
14.12.2018;4,6540
13.12.2018;4,6485
12.12.2018;4,6605
11.12.2018;4,6528
10.12.2018;4,6495
07.12.2018;4,6480
06.12.2018;4,6556
05.12.2018;4,6542
04.12.2018;4,6519
03.12.2018;4,6566
29.11.2018;4,6560
28.11.2018;4,6580
27.11.2018;4,6599
26.11.2018;4,6585
23.11.2018;4,6584
22.11.2018;4,6553
21.11.2018;4,6644
20.11.2018;4,6662
19.11.2018;4,6650
16.11.2018;4,6639
15.11.2018;4,6635
14.11.2018;4,6590
13.11.2018;4,6599
12.11.2018;4,6586
09.11.2018;4,6588
08.11.2018;4,6630
07.11.2018;4,6617
06.11.2018;4,6640
05.11.2018;4,6612
02.11.2018;4,6621
01.11.2018;4,6639
31.10.2018;4,6668
30.10.2018;4,6665
29.10.2018;4,6628
26.10.2018;4,6630
25.10.2018;4,6622
24.10.2018;4,6590
23.10.2018;4,6670
22.10.2018;4,6671
19.10.2018;4,6669
18.10.2018;4,6658
17.10.2018;4,6667
16.10.2018;4,6677
15.10.2018;4,6663
12.10.2018;4,6590
11.10.2018;4,6674
10.10.2018;4,6628
09.10.2018;4,6668
08.10.2018;4,6671
05.10.2018;4,6685
04.10.2018;4,6684
03.10.2018;4,6643
02.10.2018;4,6658
01.10.2018;4,6596
28.09.2018;4,6637
27.09.2018;4,6647
26.09.2018;4,6605
25.09.2018;4,6603
24.09.2018;4,6578
21.09.2018;4,6559
20.09.2018;4,6519
19.09.2018;4,6524
18.09.2018;4,6478
17.09.2018;4,6435
14.09.2018;4,6430
13.09.2018;4,6391
12.09.2018;4,6393
11.09.2018;4,6325
10.09.2018;4,6332
07.09.2018;4,6410
06.09.2018;4,6383
05.09.2018;4,6369
04.09.2018;4,6321
03.09.2018;4,6375
31.08.2018;4,6440
30.08.2018;4,6430
29.08.2018;4,6489
28.08.2018;4,6474
27.08.2018;4,6416
24.08.2018;4,6377
23.08.2018;4,6490
22.08.2018;4,6445
21.08.2018;4,6434
20.08.2018;4,6483
17.08.2018;4,6569
16.08.2018;4,6586
14.08.2018;4,6590
13.08.2018;4,6607
10.08.2018;4,6567
09.08.2018;4,6427
08.08.2018;4,6426
07.08.2018;4,6428
06.08.2018;4,6250
03.08.2018;4,6206
02.08.2018;4,6217
01.08.2018;4,6255
31.07.2018;4,6283
30.07.2018;4,6248
27.07.2018;4,6315
26.07.2018;4,6273
25.07.2018;4,6282
24.07.2018;4,6367
23.07.2018;4,6512
20.07.2018;4,6562
19.07.2018;4,6549
18.07.2018;4,6541
17.07.2018;4,6572
16.07.2018;4,6550
13.07.2018;4,6589
12.07.2018;4,6596
11.07.2018;4,6607
10.07.2018;4,6587
09.07.2018;4,6590
06.07.2018;4,6616
05.07.2018;4,6619
04.07.2018;4,6617
03.07.2018;4,6554
02.07.2018;4,6610
29.06.2018;4,6611
28.06.2018;4,6569
27.06.2018;4,6537
26.06.2018;4,6620
25.06.2018;4,6665
22.06.2018;4,6686
21.06.2018;4,6695
20.06.2018;4,6660
19.06.2018;4,6663
18.06.2018;4,6662
15.06.2018;4,6618
14.06.2018;4,6656
13.06.2018;4,6647
12.06.2018;4,6587
11.06.2018;4,6586
08.06.2018;4,6582
07.06.2018;4,6564
06.06.2018;4,6513
05.06.2018;4,6531
04.06.2018;4,6566
31.05.2018;4,6485
30.05.2018;4,6399
29.05.2018;4,6397
25.05.2018;4,6288
24.05.2018;4,6243
23.05.2018;4,6292
22.05.2018;4,6225
21.05.2018;4,6228
18.05.2018;4,6303
17.05.2018;4,6296
16.05.2018;4,6338
15.05.2018;4,6283
14.05.2018;4,6289
11.05.2018;4,6348
10.05.2018;4,6397
09.05.2018;4,6454
08.05.2018;4,6496
07.05.2018;4,6542
04.05.2018;4,6569
03.05.2018;4,6618
02.05.2018;4,6630
30.04.2018;4,6589
27.04.2018;4,6618
26.04.2018;4,6490
25.04.2018;4,6474
24.04.2018;4,6516
23.04.2018;4,6563
20.04.2018;4,6606
19.04.2018;4,6579
18.04.2018;4,6530
17.04.2018;4,6485
16.04.2018;4,6507
13.04.2018;4,6611
12.04.2018;4,6617
11.04.2018;4,6600
10.04.2018;4,6605
05.04.2018;4,6615
04.04.2018;4,6598
03.04.2018;4,6585
02.04.2018;4,6548
30.03.2018;4,6576
29.03.2018;4,6569
28.03.2018;4,6557
27.03.2018;4,6502
26.03.2018;4,6594
23.03.2018;4,6651
22.03.2018;4,6659
21.03.2018;4,6651
20.03.2018;4,6655
19.03.2018;4,6650
16.03.2018;4,6646
15.03.2018;4,6620
14.03.2018;4,6622
13.03.2018;4,6607
12.03.2018;4,6616
09.03.2018;4,6570
08.03.2018;4,6592
07.03.2018;4,6597
06.03.2018;4,6596
05.03.2018;4,6598
02.03.2018;4,6590
01.03.2018;4,6581
28.02.2018;4,6625
27.02.2018;4,6564
26.02.2018;4,6613
23.02.2018;4,6552
22.02.2018;4,6539
21.02.2018;4,6606
20.02.2018;4,6623
19.02.2018;4,6609
16.02.2018;4,6595
15.02.2018;4,6598
14.02.2018;4,6588
13.02.2018;4,6572
12.02.2018;4,6534
09.02.2018;4,6561
08.02.2018;4,6533
07.02.2018;4,6538
06.02.2018;4,6423
05.02.2018;4,6347
02.02.2018;4,6526
01.02.2018;4,6551
31.01.2018;4,6582
30.01.2018;4,6474
29.01.2018;4,6540
26.01.2018;4,6658
25.01.2018;4,6665
23.01.2018;4,6679
22.01.2018;4,6656
19.01.2018;4,6614
18.01.2018;4,6514
17.01.2018;4,6573
16.01.2018;4,6599
15.01.2018;4,6256
12.01.2018;4,6377
11.01.2018;4,6374
10.01.2018;4,6434
09.01.2018;4,6571
08.01.2018;4,6348
05.01.2018;4,6365
04.01.2018;4,6304
03.01.2018;4,6412
29.12.2017;4,6597
28.12.2017;4,6507
27.12.2017;4,6515
22.12.2017;4,6401
21.12.2017;4,6363
20.12.2017;4,6276
19.12.2017;4,6210
18.12.2017;4,6260
15.12.2017;4,6346
14.12.2017;4,6332
13.12.2017;4,6327
12.12.2017;4,6362
11.12.2017;4,6332
08.12.2017;4,6315
07.12.2017;4,6327
06.12.2017;4,6321
05.12.2017;4,6344
04.12.2017;4,6334
29.11.2017;4,6422
28.11.2017;4,6416
27.11.2017;4,6431
24.11.2017;4,6536
23.11.2017;4,6546
22.11.2017;4,6497
21.11.2017;4,6551
20.11.2017;4,6469
17.11.2017;4,6400
16.11.2017;4,6387
15.11.2017;4,6306
14.11.2017;4,6482
13.11.2017;4,6495
10.11.2017;4,6390
09.11.2017;4,6279
08.11.2017;4,6198
07.11.2017;4,5968
06.11.2017;4,5920
03.11.2017;4,5942
02.11.2017;4,5981
01.11.2017;4,5984
31.10.2017;4,5985
30.10.2017;4,5974
27.10.2017;4,5980
26.10.2017;4,5975
25.10.2017;4,5976
24.10.2017;4,5978
23.10.2017;4,5988
20.10.2017;4,5975
19.10.2017;4,5921
18.10.2017;4,5841
17.10.2017;4,5802
16.10.2017;4,5854
13.10.2017;4,5889
12.10.2017;4,5915
11.10.2017;4,5854
10.10.2017;4,5729
09.10.2017;4,5780
06.10.2017;4,5775
05.10.2017;4,5782
04.10.2017;4,5772
03.10.2017;4,5860
02.10.2017;4,5871
29.09.2017;4,5991
28.09.2017;4,5990
27.09.2017;4,5991
26.09.2017;4,5990
25.09.2017;4,5965
22.09.2017;4,5950
21.09.2017;4,5987
20.09.2017;4,5989
19.09.2017;4,5990
18.09.2017;4,5982
15.09.2017;4,5980
14.09.2017;4,5984
13.09.2017;4,5986
12.09.2017;4,5983
11.09.2017;4,5978
08.09.2017;4,5983
07.09.2017;4,5980
06.09.2017;4,5985
05.09.2017;4,5959
04.09.2017;4,5949
01.09.2017;4,5945
31.08.2017;4,5906
30.08.2017;4,5943
29.08.2017;4,5985
28.08.2017;4,5958
25.08.2017;4,5869
24.08.2017;4,5886
23.08.2017;4,5873
22.08.2017;4,5867
21.08.2017;4,5881
18.08.2017;4,5883
17.08.2017;4,5816
16.08.2017;4,5737
14.08.2017;4,5710
11.08.2017;4,5780
10.08.2017;4,5750
09.08.2017;4,5687
08.08.2017;4,5635
07.08.2017;4,5657
04.08.2017;4,5634
03.08.2017;4,5632
02.08.2017;4,5586
01.08.2017;4,5577
31.07.2017;4,5598
28.07.2017;4,5558
27.07.2017;4,5656
26.07.2017;4,5628
25.07.2017;4,5617
24.07.2017;4,5656
21.07.2017;4,5737
20.07.2017;4,5654
19.07.2017;4,5680
18.07.2017;4,5595
17.07.2017;4,5619
14.07.2017;4,5645
13.07.2017;4,5625
12.07.2017;4,5718
11.07.2017;4,5680
10.07.2017;4,5684
07.07.2017;4,5870
06.07.2017;4,5869
05.07.2017;4,5868
04.07.2017;4,5788
03.07.2017;4,5560
30.06.2017;4,5539
29.06.2017;4,5503
28.06.2017;4,5563
27.06.2017;4,5630
26.06.2017;4,5733
23.06.2017;4,5673
22.06.2017;4,5915
21.06.2017;4,5987
20.06.2017;4,5957
19.06.2017;4,5859
16.06.2017;4,5812
15.06.2017;4,5872
14.06.2017;4,5667
13.06.2017;4,5661
12.06.2017;4,5614
09.06.2017;4,5611
08.06.2017;4,5698
07.06.2017;4,5675
06.06.2017;4,5655
02.06.2017;4,5659
31.05.2017;4,5702
30.05.2017;4,5636
29.05.2017;4,5637
26.05.2017;4,5573
25.05.2017;4,5496
24.05.2017;4,5512
23.05.2017;4,5583
22.05.2017;4,5600
19.05.2017;4,5616
18.05.2017;4,5729
17.05.2017;4,5539
16.05.2017;4,5476
15.05.2017;4,5499
12.05.2017;4,5443
11.05.2017;4,5505
10.05.2017;4,5481
09.05.2017;4,5507
08.05.2017;4,5467
05.05.2017;4,5467
04.05.2017;4,5448
03.05.2017;4,5485
02.05.2017;4,5468
28.04.2017;4,5333
27.04.2017;4,5289
26.04.2017;4,5355
25.04.2017;4,5250
24.04.2017;4,5340
21.04.2017;4,5441
20.04.2017;4,5407
19.04.2017;4,5286
18.04.2017;4,5188
14.04.2017;4,5231
13.04.2017;4,5182
12.04.2017;4,5219
11.04.2017;4,5133
10.04.2017;4,5152
07.04.2017;4,5241
06.04.2017;4,5262
05.04.2017;4,5416
04.04.2017;4,5452
03.04.2017;4,5501
31.03.2017;4,5511
30.03.2017;4,5446
29.03.2017;4,5575
28.03.2017;4,5514
27.03.2017;4,5500
24.03.2017;4,5552
23.03.2017;4,5555
22.03.2017;4,5631
21.03.2017;4,5634
20.03.2017;4,5627
17.03.2017;4,5654
16.03.2017;4,5509
15.03.2017;4,5429
14.03.2017;4,5515
13.03.2017;4,5538
10.03.2017;4,5505
09.03.2017;4,5456
08.03.2017;4,5512
07.03.2017;4,5362
06.03.2017;4,5323
03.03.2017;4,5328
02.03.2017;4,5218
01.03.2017;4,5200
28.02.2017;4,5160
27.02.2017;4,5115
24.02.2017;4,5169
23.02.2017;4,5190
22.02.2017;4,5217
21.02.2017;4,5157
20.02.2017;4,5244
17.02.2017;4,5194
16.02.2017;4,5226
15.02.2017;4,5071
14.02.2017;4,5048
13.02.2017;4,5019
10.02.2017;4,5006
09.02.2017;4,4956
08.02.2017;4,4888
07.02.2017;4,4916
06.02.2017;4,5095
03.02.2017;4,5156
02.02.2017;4,5337
01.02.2017;4,5240
31.01.2017;4,5038
30.01.2017;4,5006
27.01.2017;4,5077
26.01.2017;4,4983
25.01.2017;4,4939
23.01.2017;4,4973
20.01.2017;4,4955
19.01.2017;4,4927
18.01.2017;4,4980
17.01.2017;4,5048
16.01.2017;4,5064
13.01.2017;4,4920
12.01.2017;4,4938
11.01.2017;4,4949
10.01.2017;4,4971
09.01.2017;4,5024
06.01.2017;4,5069
05.01.2017;4,5110
04.01.2017;4,5182
03.01.2017;4,5175
30.12.2016;4,5411
29.12.2016;4,5402
28.12.2016;4,5409
27.12.2016;4,5363
23.12.2016;4,5309
22.12.2016;4,5165
21.12.2016;4,5195
20.12.2016;4,5194
19.12.2016;4,5125
16.12.2016;4,5210
15.12.2016;4,5202
14.12.2016;4,5167
13.12.2016;4,5075
12.12.2016;4,5067
09.12.2016;4,4985
08.12.2016;4,5020
07.12.2016;4,5007
06.12.2016;4,5008
05.12.2016;4,5027
02.12.2016;4,5125
29.11.2016;4,5162
28.11.2016;4,5124
25.11.2016;4,5147
24.11.2016;4,5093
23.11.2016;4,5150
22.11.2016;4,5103
21.11.2016;4,5110
18.11.2016;4,5145
17.11.2016;4,5195
16.11.2016;4,5218
15.11.2016;4,5146
14.11.2016;4,5158
11.11.2016;4,5125
10.11.2016;4,5000
09.11.2016;4,5100
08.11.2016;4,5072
07.11.2016;4,4987
04.11.2016;4,5015
03.11.2016;4,4993
02.11.2016;4,5040
01.11.2016;4,5056
31.10.2016;4,5057
28.10.2016;4,4978
27.10.2016;4,5037
26.10.2016;4,4955
25.10.2016;4,4909
24.10.2016;4,5057
21.10.2016;4,5068
20.10.2016;4,5046
19.10.2016;4,5007
18.10.2016;4,5086
17.10.2016;4,5113
14.10.2016;4,5016
13.10.2016;4,5059
12.10.2016;4,4961
11.10.2016;4,4890
10.10.2016;4,5175
07.10.2016;4,4949
06.10.2016;4,4737
05.10.2016;4,4627
04.10.2016;4,4576
03.10.2016;4,4484
30.09.2016;4,4523
29.09.2016;4,4514
28.09.2016;4,4493
27.09.2016;4,4495
26.09.2016;4,4504
23.09.2016;4,4470
22.09.2016;4,4503
21.09.2016;4,4509
20.09.2016;4,4534
19.09.2016;4,4464
16.09.2016;4,4519
15.09.2016;4,4471
14.09.2016;4,4486
13.09.2016;4,4488
12.09.2016;4,4501
09.09.2016;4,4518
08.09.2016;4,4526
07.09.2016;4,4515
06.09.2016;4,4514
05.09.2016;4,4469
02.09.2016;4,4559
01.09.2016;4,4555
31.08.2016;4,4535
30.08.2016;4,4488
29.08.2016;4,4621
26.08.2016;4,4568
25.08.2016;4,4549
24.08.2016;4,4606
23.08.2016;4,4585
22.08.2016;4,4610
19.08.2016;4,4679
18.08.2016;4,4757
17.08.2016;4,4732
16.08.2016;4,4580
12.08.2016;4,4592
11.08.2016;4,4605
10.08.2016;4,4576
09.08.2016;4,4578
08.08.2016;4,4572
05.08.2016;4,4638
04.08.2016;4,4564
03.08.2016;4,4524
02.08.2016;4,4546
01.08.2016;4,4555
29.07.2016;4,4654
28.07.2016;4,4615
27.07.2016;4,4687
26.07.2016;4,4633
25.07.2016;4,4444
22.07.2016;4,4612
21.07.2016;4,4700
20.07.2016;4,4727
19.07.2016;4,4737
18.07.2016;4,4706
15.07.2016;4,4858
14.07.2016;4,4884
13.07.2016;4,4911
12.07.2016;4,4900
11.07.2016;4,4942
08.07.2016;4,5157
07.07.2016;4,5188
06.07.2016;4,5199
05.07.2016;4,5157
04.07.2016;4,5164
01.07.2016;4,5148
30.06.2016;4,5210
29.06.2016;4,5220
28.06.2016;4,5225
27.06.2016;4,5152
24.06.2016;4,5366
23.06.2016;4,5179
22.06.2016;4,5320
21.06.2016;4,5330
17.06.2016;4,5341
16.06.2016;4,5396
15.06.2016;4,5325
14.06.2016;4,5218
13.06.2016;4,5178
10.06.2016;4,5110
09.06.2016;4,5125
08.06.2016;4,5070
07.06.2016;4,5078
06.06.2016;4,5177
03.06.2016;4,5189
02.06.2016;4,5216
01.06.2016;4,5146
31.05.2016;4,5115
30.05.2016;4,5039
27.05.2016;4,5074
26.05.2016;4,5059
25.05.2016;4,5061
24.05.2016;4,5114
23.05.2016;4,5194
20.05.2016;4,5063
19.05.2016;4,5025
18.05.2016;4,4955
17.05.2016;4,4864
16.05.2016;4,4882
13.05.2016;4,4974
12.05.2016;4,4957
11.05.2016;4,4910
10.05.2016;4,4884
09.05.2016;4,4869
06.05.2016;4,5013
05.05.2016;4,5021
04.05.2016;4,4919
03.05.2016;4,4875
29.04.2016;4,4774
28.04.2016;4,4721
27.04.2016;4,4649
26.04.2016;4,4794
25.04.2016;4,4771
22.04.2016;4,4770
21.04.2016;4,4789
20.04.2016;4,4854
19.04.2016;4,4812
18.04.2016;4,4777
15.04.2016;4,4731
14.04.2016;4,4715
13.04.2016;4,4696
12.04.2016;4,4711
11.04.2016;4,4668
08.04.2016;4,4664
07.04.2016;4,4668
06.04.2016;4,4658
05.04.2016;4,4669
04.04.2016;4,4671
01.04.2016;4,4714
31.03.2016;4,4738
30.03.2016;4,4582
29.03.2016;4,4634
28.03.2016;4,4619
25.03.2016;4,4639
24.03.2016;4,4655
23.03.2016;4,4641
22.03.2016;4,4694
21.03.2016;4,4672
18.03.2016;4,4700
17.03.2016;4,4765
16.03.2016;4,4775
15.03.2016;4,4705
14.03.2016;4,4674
11.03.2016;4,4624
10.03.2016;4,4608
09.03.2016;4,4629
08.03.2016;4,4634
07.03.2016;4,4626
04.03.2016;4,4678
03.03.2016;4,4576
02.03.2016;4,4586
01.03.2016;4,4655
29.02.2016;4,4692
26.02.2016;4,4634
25.02.2016;4,4691
24.02.2016;4,4765
23.02.2016;4,4715
22.02.2016;4,4773
19.02.2016;4,4658
18.02.2016;4,4569
17.02.2016;4,4585
16.02.2016;4,4637
15.02.2016;4,4710
12.02.2016;4,4744
11.02.2016;4,4826
10.02.2016;4,4852
09.02.2016;4,4907
08.02.2016;4,4763
05.02.2016;4,5013
04.02.2016;4,5086
03.02.2016;4,5137
02.02.2016;4,5098
01.02.2016;4,5320
29.01.2016;4,5337
28.01.2016;4,5386
27.01.2016;4,5328
26.01.2016;4,5325
25.01.2016;4,5264
22.01.2016;4,5274
21.01.2016;4,5320
20.01.2016;4,5324
19.01.2016;4,5349
18.01.2016;4,5360
15.01.2016;4,5362
14.01.2016;4,5380
13.01.2016;4,5283
12.01.2016;4,5333
11.01.2016;4,5270
08.01.2016;4,5273
07.01.2016;4,5275
06.01.2016;4,5217
05.01.2016;4,5240
04.01.2016;4,5169
31.12.2015;4,5245
30.12.2015;4,5285
29.12.2015;4,5381
28.12.2015;4,5257
24.12.2015;4,5297
23.12.2015;4,5203
22.12.2015;4,5163
21.12.2015;4,5105
18.12.2015;4,5145
17.12.2015;4,4994
16.12.2015;4,5036
15.12.2015;4,5005
14.12.2015;4,5085
11.12.2015;4,5297
10.12.2015;4,5025
09.12.2015;4,4873
08.12.2015;4,4821
07.12.2015;4,4739
04.12.2015;4,4693
03.12.2015;4,4589
02.12.2015;4,4604
27.11.2015;4,4460
26.11.2015;4,4386
25.11.2015;4,4442
24.11.2015;4,4509
23.11.2015;4,4484
20.11.2015;4,4439
19.11.2015;4,4425
18.11.2015;4,4458
17.11.2015;4,4400
16.11.2015;4,4377
13.11.2015;4,4412
12.11.2015;4,4398
11.11.2015;4,4434
10.11.2015;4,4562
09.11.2015;4,4580
06.11.2015;4,4523
05.11.2015;4,4459
04.11.2015;4,4462
03.11.2015;4,4318
02.11.2015;4,4367
30.10.2015;4,4322
29.10.2015;4,4314
28.10.2015;4,4311
27.10.2015;4,4366
26.10.2015;4,4343
23.10.2015;4,4259
22.10.2015;4,4291
21.10.2015;4,4295
20.10.2015;4,4250
19.10.2015;4,4182
16.10.2015;4,4158
15.10.2015;4,4142
14.10.2015;4,4171
13.10.2015;4,4163
12.10.2015;4,4156
09.10.2015;4,4145
08.10.2015;4,4172
07.10.2015;4,4167
06.10.2015;4,4161
05.10.2015;4,4194
02.10.2015;4,4130
01.10.2015;4,4155
30.09.2015;4,4167
29.09.2015;4,4248
28.09.2015;4,4128
25.09.2015;4,4160
24.09.2015;4,4157
23.09.2015;4,4207
22.09.2015;4,4215
21.09.2015;4,4229
18.09.2015;4,4211
17.09.2015;4,4267
16.09.2015;4,4239
15.09.2015;4,4195
14.09.2015;4,4170
11.09.2015;4,4159
10.09.2015;4,4222
09.09.2015;4,4208
08.09.2015;4,4261
07.09.2015;4,4263
04.09.2015;4,4286
03.09.2015;4,4315
02.09.2015;4,4413
01.09.2015;4,4390
31.08.2015;4,4321
28.08.2015;4,4302
27.08.2015;4,4353
26.08.2015;4,4375
25.08.2015;4,4384
24.08.2015;4,4412
21.08.2015;4,4300
20.08.2015;4,4362
19.08.2015;4,4305
18.08.2015;4,4235
17.08.2015;4,4269
14.08.2015;4,4224
13.08.2015;4,4093
12.08.2015;4,4157
11.08.2015;4,4156
10.08.2015;4,4114
07.08.2015;4,4128
06.08.2015;4,4117
05.08.2015;4,4125
04.08.2015;4,4056
03.08.2015;4,4041
31.07.2015;4,4070
30.07.2015;4,4075
29.07.2015;4,4192
28.07.2015;4,4155
27.07.2015;4,4191
24.07.2015;4,4226
23.07.2015;4,4214
22.07.2015;4,4172
21.07.2015;4,4097
20.07.2015;4,4174
17.07.2015;4,4184
16.07.2015;4,4196
15.07.2015;4,4288
14.07.2015;4,4245
13.07.2015;4,4351
10.07.2015;4,4464
09.07.2015;4,4805
08.07.2015;4,4850
07.07.2015;4,4810
06.07.2015;4,4854
03.07.2015;4,4819
02.07.2015;4,4749
01.07.2015;4,4685
30.06.2015;4,4735
29.06.2015;4,4931
26.06.2015;4,4577
25.06.2015;4,4563
24.06.2015;4,4727
23.06.2015;4,4807
22.06.2015;4,4830
19.06.2015;4,4881
18.06.2015;4,4882
17.06.2015;4,4844
16.06.2015;4,4894
15.06.2015;4,4799
12.06.2015;4,4696
11.06.2015;4,4666
10.06.2015;4,4667
09.06.2015;4,4677
08.06.2015;4,4601
05.06.2015;4,4433
04.06.2015;4,4336
03.06.2015;4,4375
02.06.2015;4,4407
29.05.2015;4,4395
28.05.2015;4,4435
27.05.2015;4,4450
26.05.2015;4,4630
25.05.2015;4,4496
22.05.2015;4,4483
21.05.2015;4,4463
20.05.2015;4,4484
19.05.2015;4,4474
18.05.2015;4,4455
15.05.2015;4,4409
14.05.2015;4,4588
13.05.2015;4,4585
12.05.2015;4,4594
11.05.2015;4,4488
08.05.2015;4,4497
07.05.2015;4,4495
06.05.2015;4,4382
05.05.2015;4,4279
04.05.2015;4,4292
30.04.2015;4,4198
29.04.2015;4,4031
28.04.2015;4,4126
27.04.2015;4,4202
24.04.2015;4,4136
23.04.2015;4,4177
22.04.2015;4,4290
21.04.2015;4,4508
20.04.2015;4,4345
17.04.2015;4,4110
16.04.2015;4,4125
15.04.2015;4,4202
14.04.2015;4,4104
10.04.2015;4,4105
09.04.2015;4,3965
08.04.2015;4,4050
07.04.2015;4,4169
06.04.2015;4,4192
03.04.2015;4,4157
02.04.2015;4,4159
01.04.2015;4,4137
31.03.2015;4,4098
30.03.2015;4,4061
27.03.2015;4,4242
26.03.2015;4,4208
25.03.2015;4,4077
24.03.2015;4,4045
23.03.2015;4,4330
20.03.2015;4,4306
19.03.2015;4,4151
18.03.2015;4,4459
17.03.2015;4,4389
16.03.2015;4,4370
13.03.2015;4,4472
12.03.2015;4,4360
11.03.2015;4,4444
10.03.2015;4,4435
09.03.2015;4,4439
06.03.2015;4,4402
05.03.2015;4,4454
04.03.2015;4,4542
03.03.2015;4,4551
02.03.2015;4,4424
27.02.2015;4,4381
26.02.2015;4,4252
25.02.2015;4,4216
24.02.2015;4,4478
23.02.2015;4,4521
20.02.2015;4,4498
19.02.2015;4,4434
18.02.2015;4,4503
17.02.2015;4,4480
16.02.2015;4,4407
13.02.2015;4,4408
12.02.2015;4,4316
11.02.2015;4,4420
10.02.2015;4,4370
09.02.2015;4,4274
06.02.2015;4,4143
05.02.2015;4,4088
04.02.2015;4,4081
03.02.2015;4,4018
02.02.2015;4,4109
30.01.2015;4,4424
29.01.2015;4,4451
28.01.2015;4,4585
27.01.2015;4,4709
26.01.2015;4,4800
23.01.2015;4,4935
22.01.2015;4,5005
21.01.2015;4,5110
20.01.2015;4,5037
19.01.2015;4,5018
16.01.2015;4,5095
15.01.2015;4,5034
14.01.2015;4,4935
13.01.2015;4,4853
12.01.2015;4,4856
09.01.2015;4,4887
08.01.2015;4,4882
07.01.2015;4,4960
06.01.2015;4,4982
05.01.2015;4,4973
31.12.2014;4,4821
30.12.2014;4,4834
29.12.2014;4,4744
24.12.2014;4,4702
23.12.2014;4,4758
22.12.2014;4,4674
19.12.2014;4,4750
18.12.2014;4,4705
17.12.2014;4,4738
16.12.2014;4,4738
15.12.2014;4,4788
12.12.2014;4,4645
11.12.2014;4,4546
10.12.2014;4,4415
09.12.2014;4,4386
08.12.2014;4,4419
05.12.2014;4,4315
04.12.2014;4,4269
03.12.2014;4,4282
02.12.2014;4,4292
28.11.2014;4,4247
27.11.2014;4,4199
26.11.2014;4,4200
25.11.2014;4,4338
24.11.2014;4,4347
21.11.2014;4,4412
20.11.2014;4,4421
19.11.2014;4,4407
18.11.2014;4,4353
17.11.2014;4,4243
14.11.2014;4,4272
13.11.2014;4,4293
12.11.2014;4,4319
11.11.2014;4,4269
10.11.2014;4,4304
07.11.2014;4,4360
06.11.2014;4,4277
05.11.2014;4,4192
04.11.2014;4,4193
03.11.2014;4,4133
31.10.2014;4,4139
30.10.2014;4,4197
29.10.2014;4,4226
28.10.2014;4,4200
27.10.2014;4,4255
24.10.2014;4,4209
23.10.2014;4,4236
22.10.2014;4,4166
21.10.2014;4,4170
20.10.2014;4,4176
17.10.2014;4,4209
16.10.2014;4,4300
15.10.2014;4,4137
14.10.2014;4,4109
13.10.2014;4,4030
10.10.2014;4,4036
09.10.2014;4,4061
08.10.2014;4,4089
07.10.2014;4,4067
06.10.2014;4,4136
03.10.2014;4,4114
02.10.2014;4,4106
01.10.2014;4,4127
30.09.2014;4,4114
29.09.2014;4,4152
26.09.2014;4,4018
25.09.2014;4,4026
24.09.2014;4,4012
23.09.2014;4,4019
22.09.2014;4,4029
19.09.2014;4,4027
18.09.2014;4,4098
17.09.2014;4,4196
16.09.2014;4,4180
15.09.2014;4,4209
12.09.2014;4,4184
11.09.2014;4,4196
10.09.2014;4,4287
09.09.2014;4,4212
08.09.2014;4,4085
05.09.2014;4,4006
04.09.2014;4,4047
03.09.2014;4,4060
02.09.2014;4,4054
01.09.2014;4,3989
29.08.2014;4,4126
28.08.2014;4,4008
27.08.2014;4,3941
26.08.2014;4,3964
25.08.2014;4,3947
22.08.2014;4,4109
21.08.2014;4,4147
20.08.2014;4,4244
19.08.2014;4,4333
18.08.2014;4,4362
14.08.2014;4,4372
13.08.2014;4,4347
12.08.2014;4,4425
11.08.2014;4,4415
08.08.2014;4,4455
07.08.2014;4,4405
06.08.2014;4,4455
05.08.2014;4,4250
04.08.2014;4,4336
01.08.2014;4,4330
31.07.2014;4,4188
30.07.2014;4,4025
29.07.2014;4,3955
28.07.2014;4,3873
25.07.2014;4,4000
24.07.2014;4,4155
23.07.2014;4,4290
22.07.2014;4,4408
21.07.2014;4,4488
18.07.2014;4,4410
17.07.2014;4,4423
16.07.2014;4,4348
15.07.2014;4,4175
14.07.2014;4,4193
11.07.2014;4,4179
10.07.2014;4,3952
09.07.2014;4,3920
08.07.2014;4,3902
07.07.2014;4,3867
04.07.2014;4,3897
03.07.2014;4,3878
02.07.2014;4,3867
01.07.2014;4,3845
30.06.2014;4,3870
27.06.2014;4,3888
26.06.2014;4,3847
25.06.2014;4,3944
24.06.2014;4,3918
23.06.2014;4,3971
20.06.2014;4,3958
19.06.2014;4,3970
18.06.2014;4,4040
17.06.2014;4,4049
16.06.2014;4,3993
13.06.2014;4,3960
12.06.2014;4,3912
11.06.2014;4,3960
10.06.2014;4,3916
06.06.2014;4,3918
05.06.2014;4,3964
04.06.2014;4,4063
03.06.2014;4,3968
02.06.2014;4,3919
30.05.2014;4,3986
29.05.2014;4,3934
28.05.2014;4,3981
27.05.2014;4,3958
26.05.2014;4,4099
23.05.2014;4,4164
22.05.2014;4,4170
21.05.2014;4,4378
20.05.2014;4,4343
19.05.2014;4,4304
16.05.2014;4,4275
15.05.2014;4,4349
14.05.2014;4,4415
13.05.2014;4,4308
12.05.2014;4,4328
09.05.2014;4,4295
08.05.2014;4,4340
07.05.2014;4,4352
06.05.2014;4,4411
05.05.2014;4,4419
02.05.2014;4,4340
30.04.2014;4,4503
29.04.2014;4,4403
28.04.2014;4,4549
25.04.2014;4,4517
24.04.2014;4,4625
23.04.2014;4,4698
22.04.2014;4,4660
18.04.2014;4,4607
17.04.2014;4,4684
16.04.2014;4,4762
15.04.2014;4,4646
14.04.2014;4,4695
11.04.2014;4,4620
10.04.2014;4,4591
09.04.2014;4,4635
08.04.2014;4,4561
07.04.2014;4,4630
04.04.2014;4,4603
03.04.2014;4,4726
02.04.2014;4,4670
01.04.2014;4,4629
31.03.2014;4,4553
28.03.2014;4,4514
27.03.2014;4,4749
26.03.2014;4,4637
25.03.2014;4,4693
24.03.2014;4,4793
21.03.2014;4,4816
20.03.2014;4,4949
19.03.2014;4,4997
18.03.2014;4,5085
17.03.2014;4,5114
14.03.2014;4,5097
13.03.2014;4,5069
12.03.2014;4,5102
11.03.2014;4,4990
10.03.2014;4,4996
07.03.2014;4,4931
06.03.2014;4,4986
05.03.2014;4,5123
04.03.2014;4,5196
03.03.2014;4,5169
28.02.2014;4,4995
27.02.2014;4,5034
26.02.2014;4,5144
25.02.2014;4,5173
24.02.2014;4,5101
21.02.2014;4,5173
20.02.2014;4,5239
19.02.2014;4,4916
18.02.2014;4,4873
17.02.2014;4,4905
14.02.2014;4,4813
13.02.2014;4,4926
12.02.2014;4,4779
11.02.2014;4,4723
10.02.2014;4,4754
07.02.2014;4,4824
06.02.2014;4,4669
05.02.2014;4,4556
04.02.2014;4,4589
03.02.2014;4,4935
31.01.2014;4,4978
30.01.2014;4,5085
29.01.2014;4,5188
28.01.2014;4,5317
27.01.2014;4,5400
24.01.2014;4,5280
23.01.2014;4,5281
22.01.2014;4,5301
21.01.2014;4,5379
20.01.2014;4,5374
17.01.2014;4,5301
16.01.2014;4,5275
15.01.2014;4,5261
14.01.2014;4,5260
13.01.2014;4,5366
10.01.2014;4,5447
09.01.2014;4,5290
08.01.2014;4,4979
07.01.2014;4,5010
06.01.2014;4,4947
03.01.2014;4,4882
31.12.2013;4,4847
30.12.2013;4,4639
27.12.2013;4,4597
24.12.2013;4,4649
23.12.2013;4,4756
20.12.2013;4,4754
19.12.2013;4,4806
18.12.2013;4,4749
17.12.2013;4,4643
16.12.2013;4,4537
13.12.2013;4,4552
12.12.2013;4,4527
11.12.2013;4,4530
10.12.2013;4,4536
09.12.2013;4,4518
06.12.2013;4,4567
05.12.2013;4,4687
04.12.2013;4,4715
03.12.2013;4,4684
02.12.2013;4,4359
29.11.2013;4,4412
28.11.2013;4,4352
27.11.2013;4,4413
26.11.2013;4,4438
25.11.2013;4,4447
22.11.2013;4,4521
21.11.2013;4,4479
20.11.2013;4,4449
19.11.2013;4,4456
18.11.2013;4,4462
15.11.2013;4,4502
14.11.2013;4,4536
13.11.2013;4,4619
12.11.2013;4,4545
11.11.2013;4,4531
08.11.2013;4,4424
07.11.2013;4,4331
06.11.2013;4,4328
05.11.2013;4,4422
04.11.2013;4,4356
01.11.2013;4,4382
31.10.2013;4,4306
30.10.2013;4,4304
29.10.2013;4,4430
28.10.2013;4,4404
25.10.2013;4,4537
24.10.2013;4,4508
23.10.2013;4,4378
22.10.2013;4,4370
21.10.2013;4,4478
18.10.2013;4,4514
17.10.2013;4,4511
16.10.2013;4,4484
15.10.2013;4,4503
14.10.2013;4,4676
11.10.2013;4,4508
10.10.2013;4,4623
09.10.2013;4,4631
08.10.2013;4,4366
07.10.2013;4,4304
04.10.2013;4,4306
03.10.2013;4,4403
02.10.2013;4,4511
01.10.2013;4,4560
30.09.2013;4,4604
27.09.2013;4,4603
26.09.2013;4,4635
25.09.2013;4,4711
24.09.2013;4,4684
23.09.2013;4,4712
20.09.2013;4,4567
19.09.2013;4,4509
18.09.2013;4,4751
17.09.2013;4,4760
16.09.2013;4,4551
13.09.2013;4,4771
12.09.2013;4,4847
11.09.2013;4,4694
10.09.2013;4,4653
09.09.2013;4,4705
06.09.2013;4,4725
05.09.2013;4,4653
04.09.2013;4,4461
03.09.2013;4,4358
02.09.2013;4,4221
30.08.2013;4,4367
29.08.2013;4,4466
28.08.2013;4,4350
27.08.2013;4,4402
26.08.2013;4,4288
23.08.2013;4,4303
22.08.2013;4,4400
21.08.2013;4,4503
20.08.2013;4,4500
19.08.2013;4,4537
16.08.2013;4,4511
14.08.2013;4,4278
13.08.2013;4,4250
12.08.2013;4,4250
09.08.2013;4,4373
08.08.2013;4,4399
07.08.2013;4,4304
06.08.2013;4,4111
05.08.2013;4,4201
02.08.2013;4,4359
01.08.2013;4,4255
31.07.2013;4,4048
30.07.2013;4,3907
29.07.2013;4,3994
26.07.2013;4,3886
25.07.2013;4,3895
24.07.2013;4,4040
23.07.2013;4,4209
22.07.2013;4,4235
19.07.2013;4,4283
18.07.2013;4,4339
17.07.2013;4,4467
16.07.2013;4,4358
15.07.2013;4,4232
12.07.2013;4,4210
11.07.2013;4,4298
10.07.2013;4,4369
09.07.2013;4,4416
08.07.2013;4,4485
05.07.2013;4,4403
04.07.2013;4,4420
03.07.2013;4,4514
02.07.2013;4,4391
01.07.2013;4,4501
28.06.2013;4,4588
27.06.2013;4,4463
26.06.2013;4,4161
25.06.2013;4,4870
21.06.2013;4,5209
20.06.2013;4,5340
19.06.2013;4,4992
18.06.2013;4,4801
17.06.2013;4,4581
14.06.2013;4,4590
13.06.2013;4,4830
12.06.2013;4,4969
11.06.2013;4,5225
10.06.2013;4,5224
07.06.2013;4,5535
06.06.2013;4,4763
05.06.2013;4,4291
04.06.2013;4,4008
03.06.2013;4,4090
31.05.2013;4,3794
30.05.2013;4,3320
29.05.2013;4,3497
28.05.2013;4,3297
27.05.2013;4,3514
24.05.2013;4,3625
23.05.2013;4,3611
22.05.2013;4,3465
21.05.2013;4,3485
20.05.2013;4,3428
17.05.2013;4,3395
16.05.2013;4,3375
15.05.2013;4,3344
14.05.2013;4,3311
13.05.2013;4,3207
10.05.2013;4,3241
09.05.2013;4,3249
08.05.2013;4,3117
07.05.2013;4,3182
03.05.2013;4,3072
02.05.2013;4,3352
30.04.2013;4,3237
29.04.2013;4,3224
26.04.2013;4,3366
25.04.2013;4,3557
24.04.2013;4,3485
23.04.2013;4,3555
22.04.2013;4,3552
19.04.2013;4,3663
18.04.2013;4,3747
17.04.2013;4,3668
16.04.2013;4,3783
15.04.2013;4,3806
12.04.2013;4,3960
11.04.2013;4,3924
10.04.2013;4,3887
09.04.2013;4,4099
08.04.2013;4,4098
05.04.2013;4,4211
04.04.2013;4,4281
03.04.2013;4,4228
02.04.2013;4,4179
01.04.2013;4,4143
29.03.2013;4,4154
28.03.2013;4,4178
27.03.2013;4,4032
26.03.2013;4,4111
25.03.2013;4,4154
22.03.2013;4,4286
21.03.2013;4,4219
20.03.2013;4,4179
19.03.2013;4,4078
18.03.2013;4,4170
15.03.2013;4,3940
14.03.2013;4,3975
13.03.2013;4,3837
12.03.2013;4,3749
11.03.2013;4,3643
08.03.2013;4,3544
07.03.2013;4,3524
06.03.2013;4,3615
05.03.2013;4,3612
04.03.2013;4,3652
01.03.2013;4,3573
28.02.2013;4,3698
27.02.2013;4,3745
26.02.2013;4,3816
25.02.2013;4,3810
22.02.2013;4,3780
21.02.2013;4,3863
20.02.2013;4,3779
19.02.2013;4,3842
18.02.2013;4,3870
15.02.2013;4,3885
14.02.2013;4,3844
13.02.2013;4,3870
12.02.2013;4,4026
11.02.2013;4,3998
08.02.2013;4,3970
07.02.2013;4,4106
06.02.2013;4,3852
05.02.2013;4,3764
04.02.2013;4,3667
01.02.2013;4,3771
31.01.2013;4,3828
30.01.2013;4,3825
29.01.2013;4,3853
28.01.2013;4,3877
25.01.2013;4,3606
24.01.2013;4,3724
23.01.2013;4,3727
22.01.2013;4,3571
21.01.2013;4,3481
18.01.2013;4,3373
17.01.2013;4,3351
16.01.2013;4,3364
15.01.2013;4,3894
14.01.2013;4,3814
11.01.2013;4,3802
10.01.2013;4,3753
09.01.2013;4,4086
08.01.2013;4,4106
07.01.2013;4,4223
04.01.2013;4,4251
03.01.2013;4,4153
31.12.2012;4,4287
28.12.2012;4,4291
27.12.2012;4,4296
24.12.2012;4,4231
21.12.2012;4,4451
20.12.2012;4,4762
19.12.2012;4,4778
18.12.2012;4,4672
17.12.2012;4,4675
14.12.2012;4,4747
13.12.2012;4,5075
12.12.2012;4,5317
11.12.2012;4,5388
10.12.2012;4,5339
07.12.2012;4,5349
06.12.2012;4,5394
05.12.2012;4,5454
04.12.2012;4,5316
03.12.2012;4,5191
29.11.2012;4,5059
28.11.2012;4,5118
27.11.2012;4,5089
26.11.2012;4,5313
23.11.2012;4,5360
22.11.2012;4,5314
21.11.2012;4,5339
20.11.2012;4,5342
19.11.2012;4,5349
16.11.2012;4,5376
15.11.2012;4,5379
14.11.2012;4,5388
13.11.2012;4,5310
12.11.2012;4,5219
09.11.2012;4,5220
08.11.2012;4,5156
07.11.2012;4,5089
06.11.2012;4,5171
05.11.2012;4,5209
02.11.2012;4,5236
01.11.2012;4,5318
31.10.2012;4,5358
30.10.2012;4,5370
29.10.2012;4,5442
26.10.2012;4,5538
25.10.2012;4,5640
24.10.2012;4,5754
23.10.2012;4,5772
22.10.2012;4,5757
19.10.2012;4,5809
18.10.2012;4,5789
17.10.2012;4,5742
16.10.2012;4,5693
15.10.2012;4,5687
12.10.2012;4,5658
11.10.2012;4,5698
10.10.2012;4,5641
09.10.2012;4,5642
08.10.2012;4,5646
05.10.2012;4,5694
04.10.2012;4,5426
03.10.2012;4,5262
02.10.2012;4,5220
01.10.2012;4,5178
28.09.2012;4,5331
27.09.2012;4,5140
26.09.2012;4,5168
25.09.2012;4,5144
24.09.2012;4,5176
21.09.2012;4,5125
20.09.2012;4,5092
19.09.2012;4,5037
18.09.2012;4,5026
17.09.2012;4,4975
14.09.2012;4,5042
13.09.2012;4,5073
12.09.2012;4,4881
11.09.2012;4,4834
10.09.2012;4,4792
07.09.2012;4,4741
06.09.2012;4,4816
05.09.2012;4,4940
04.09.2012;4,4907
03.09.2012;4,4898
31.08.2012;4,4595
30.08.2012;4,4617
29.08.2012;4,4665
28.08.2012;4,4571
27.08.2012;4,4667
24.08.2012;4,4819
23.08.2012;4,4870
22.08.2012;4,4885
21.08.2012;4,4987
20.08.2012;4,4939
17.08.2012;4,4852
16.08.2012;4,4924
14.08.2012;4,5186
13.08.2012;4,5307
10.08.2012;4,5396
09.08.2012;4,5362
08.08.2012;4,5364
07.08.2012;4,5378
06.08.2012;4,5740
03.08.2012;4,6481
02.08.2012;4,6097
01.08.2012;4,5885
31.07.2012;4,5694
30.07.2012;4,5558
27.07.2012;4,6118
26.07.2012;4,6205
25.07.2012;4,6186
24.07.2012;4,6397
23.07.2012;4,6009
20.07.2012;4,5848
19.07.2012;4,5638
18.07.2012;4,5647
17.07.2012;4,5651
16.07.2012;4,5571
13.07.2012;4,5495
12.07.2012;4,5252
11.07.2012;4,5237
10.07.2012;4,5206
09.07.2012;4,5275
06.07.2012;4,5142
05.07.2012;4,4796
04.07.2012;4,4715
03.07.2012;4,4505
02.07.2012;4,4496
29.06.2012;4,4494
28.06.2012;4,4508
27.06.2012;4,4441
26.06.2012;4,4652
25.06.2012;4,4654
22.06.2012;4,4655
21.06.2012;4,4635
20.06.2012;4,4630
19.06.2012;4,4626
18.06.2012;4,4640
15.06.2012;4,4576
14.06.2012;4,4595
13.06.2012;4,4593
12.06.2012;4,4587
11.06.2012;4,4594
08.06.2012;4,4610
07.06.2012;4,4625
06.06.2012;4,4642
05.06.2012;4,4646
01.06.2012;4,4648
31.05.2012;4,4652
30.05.2012;4,4616
29.05.2012;4,4639
28.05.2012;4,4641
25.05.2012;4,4646
24.05.2012;4,4662
23.05.2012;4,4587
22.05.2012;4,4452
21.05.2012;4,4408
18.05.2012;4,4421
17.05.2012;4,4435
16.05.2012;4,4463
15.05.2012;4,4411
14.05.2012;4,4373
11.05.2012;4,4265
10.05.2012;4,4165
09.05.2012;4,4160
08.05.2012;4,4032
07.05.2012;4,4053
04.05.2012;4,4044
03.05.2012;4,4078
02.05.2012;4,4168
30.04.2012;4,3970
27.04.2012;4,3747
26.04.2012;4,3757
25.04.2012;4,3778
24.04.2012;4,3791
23.04.2012;4,3792
20.04.2012;4,3745
19.04.2012;4,3748
18.04.2012;4,3778
17.04.2012;4,3746
13.04.2012;4,3733
12.04.2012;4,3741
11.04.2012;4,3746
10.04.2012;4,3696
09.04.2012;4,3683
06.04.2012;4,3711
05.04.2012;4,3730
04.04.2012;4,3742
03.04.2012;4,3780
02.04.2012;4,3786
30.03.2012;4,3791
29.03.2012;4,3788
28.03.2012;4,3737
27.03.2012;4,3688
26.03.2012;4,3691
23.03.2012;4,3712
22.03.2012;4,3718
21.03.2012;4,3754
20.03.2012;4,3780
19.03.2012;4,3794
16.03.2012;4,3783
15.03.2012;4,3672
14.03.2012;4,3608
13.03.2012;4,3575
12.03.2012;4,3558
09.03.2012;4,3545
08.03.2012;4,3553
07.03.2012;4,3558
06.03.2012;4,3537
05.03.2012;4,3514
02.03.2012;4,3493
01.03.2012;4,3488
29.02.2012;4,3486
28.02.2012;4,3480
27.02.2012;4,3525
24.02.2012;4,3535
23.02.2012;4,3557
22.02.2012;4,3602
21.02.2012;4,3550
20.02.2012;4,3535
17.02.2012;4,3533
16.02.2012;4,3497
15.02.2012;4,3467
14.02.2012;4,3473
13.02.2012;4,3477
10.02.2012;4,3529
09.02.2012;4,3554
08.02.2012;4,3540
07.02.2012;4,3483
06.02.2012;4,3420
03.02.2012;4,3467
02.02.2012;4,3470
01.02.2012;4,3447
31.01.2012;4,3433
30.01.2012;4,3340
27.01.2012;4,3394
26.01.2012;4,3396
25.01.2012;4,3467
24.01.2012;4,3424
23.01.2012;4,3463
20.01.2012;4,3473
19.01.2012;4,3452
18.01.2012;4,3497
17.01.2012;4,3270
16.01.2012;4,3347
13.01.2012;4,3322
12.01.2012;4,3446
11.01.2012;4,3627
10.01.2012;4,3625
09.01.2012;4,3532
06.01.2012;4,3434
05.01.2012;4,3398
04.01.2012;4,3219
30.12.2011;4,3197
29.12.2011;4,2980
28.12.2011;4,2875
27.12.2011;4,2972
23.12.2011;4,2912
22.12.2011;4,3011
21.12.2011;4,3045
20.12.2011;4,3125
19.12.2011;4,3146
16.12.2011;4,3409
15.12.2011;4,3422
14.12.2011;4,3415
13.12.2011;4,3497
12.12.2011;4,3409
09.12.2011;4,3397
08.12.2011;4,3429
07.12.2011;4,3505
06.12.2011;4,3534
05.12.2011;4,3530
02.12.2011;4,3535
30.11.2011;4,3539
29.11.2011;4,3498
28.11.2011;4,3587
25.11.2011;4,3620
24.11.2011;4,3525
23.11.2011;4,3577
22.11.2011;4,3588
21.11.2011;4,3608
18.11.2011;4,3598
17.11.2011;4,3564
16.11.2011;4,3565
15.11.2011;4,3487
14.11.2011;4,3448
11.11.2011;4,3479
10.11.2011;4,3530
09.11.2011;4,3534
08.11.2011;4,3537
07.11.2011;4,3540
04.11.2011;4,3497
03.11.2011;4,3585
02.11.2011;4,3460
01.11.2011;4,3435
31.10.2011;4,3243
28.10.2011;4,3150
27.10.2011;4,3288
26.10.2011;4,3274
25.10.2011;4,3246
24.10.2011;4,3230
21.10.2011;4,3295
20.10.2011;4,3308
19.10.2011;4,3346
18.10.2011;4,3529
17.10.2011;4,3329
14.10.2011;4,3233
13.10.2011;4,3148
12.10.2011;4,3217
11.10.2011;4,3312
10.10.2011;4,3053
07.10.2011;4,3146
06.10.2011;4,3128
05.10.2011;4,3144
04.10.2011;4,3159
03.10.2011;4,3222
30.09.2011;4,3533
29.09.2011;4,3218
28.09.2011;4,3210
27.09.2011;4,3112
26.09.2011;4,2984
23.09.2011;4,3072
22.09.2011;4,3081
21.09.2011;4,2902
20.09.2011;4,2843
19.09.2011;4,2792
16.09.2011;4,2710
15.09.2011;4,2940
14.09.2011;4,2886
13.09.2011;4,2822
12.09.2011;4,2805
09.09.2011;4,2657
08.09.2011;4,2457
07.09.2011;4,2353
06.09.2011;4,2510
05.09.2011;4,2429
02.09.2011;4,2418
01.09.2011;4,2306
31.08.2011;4,2228
30.08.2011;4,2219
29.08.2011;4,2402
26.08.2011;4,2449
25.08.2011;4,2525
24.08.2011;4,2488
23.08.2011;4,2579
22.08.2011;4,2611
19.08.2011;4,2669
18.08.2011;4,2567
17.08.2011;4,2609
16.08.2011;4,2706
12.08.2011;4,2784
11.08.2011;4,2855
10.08.2011;4,2620
09.08.2011;4,2670
08.08.2011;4,2442
05.08.2011;4,2419
04.08.2011;4,2236
03.08.2011;4,2342
02.08.2011;4,2356
01.08.2011;4,2246
29.07.2011;4,2403
28.07.2011;4,2445
27.07.2011;4,2323
26.07.2011;4,2500
25.07.2011;4,2527
22.07.2011;4,2233
21.07.2011;4,2454
20.07.2011;4,2430
19.07.2011;4,2560
18.07.2011;4,2685
15.07.2011;4,2717
14.07.2011;4,2778
13.07.2011;4,2748
12.07.2011;4,2838
11.07.2011;4,2272
08.07.2011;4,2037
07.07.2011;4,2087
06.07.2011;4,2022
05.07.2011;4,1817
04.07.2011;4,2217
01.07.2011;4,2419
30.06.2011;4,2341
29.06.2011;4,2157
28.06.2011;4,2115
27.06.2011;4,2192
24.06.2011;4,2160
23.06.2011;4,2294
22.06.2011;4,2517
21.06.2011;4,2410
20.06.2011;4,2635
17.06.2011;4,2291
16.06.2011;4,2088
15.06.2011;4,1756
14.06.2011;4,1732
10.06.2011;4,1566
09.06.2011;4,1720
08.06.2011;4,1719
07.06.2011;4,1544
06.06.2011;4,1344
03.06.2011;4,1298
02.06.2011;4,1342
01.06.2011;4,1297
31.05.2011;4,1208
30.05.2011;4,1207
27.05.2011;4,1315
26.05.2011;4,1333
25.05.2011;4,1290
24.05.2011;4,1233
23.05.2011;4,1263
20.05.2011;4,1091
19.05.2011;4,1254
18.05.2011;4,1184
17.05.2011;4,1051
16.05.2011;4,1054
13.05.2011;4,1060
12.05.2011;4,0997
11.05.2011;4,0842
10.05.2011;4,0885
09.05.2011;4,1039
06.05.2011;4,1208
05.05.2011;4,1065
04.05.2011;4,1127
03.05.2011;4,1073
02.05.2011;4,0860
29.04.2011;4,0744
28.04.2011;4,0760
27.04.2011;4,0767
26.04.2011;4,0735
22.04.2011;4,0815
21.04.2011;4,0906
20.04.2011;4,0858
19.04.2011;4,0910
18.04.2011;4,0869
15.04.2011;4,0966
14.04.2011;4,1021
13.04.2011;4,1140
12.04.2011;4,1152
11.04.2011;4,1084
08.04.2011;4,1146
07.04.2011;4,1089
06.04.2011;4,1035
05.04.2011;4,1147
04.04.2011;4,1333
01.04.2011;4,1367
31.03.2011;4,1141
30.03.2011;4,0984
29.03.2011;4,1276
28.03.2011;4,1065
25.03.2011;4,0881
24.03.2011;4,1020
23.03.2011;4,1260
22.03.2011;4,1439
21.03.2011;4,1685
18.03.2011;4,1683
17.03.2011;4,1788
16.03.2011;4,1816
15.03.2011;4,1865
14.03.2011;4,1843
11.03.2011;4,2048
10.03.2011;4,1932
09.03.2011;4,1902
08.03.2011;4,1869
07.03.2011;4,2065
04.03.2011;4,2127
03.03.2011;4,2016
02.03.2011;4,2051
01.03.2011;4,2108
28.02.2011;4,2150
25.02.2011;4,2139
24.02.2011;4,2331
23.02.2011;4,2261
22.02.2011;4,2350
21.02.2011;4,2412
18.02.2011;4,2493
17.02.2011;4,2509
16.02.2011;4,2584
15.02.2011;4,2496
14.02.2011;4,2490
11.02.2011;4,2649
10.02.2011;4,2600
09.02.2011;4,2568
08.02.2011;4,2536
07.02.2011;4,2485
04.02.2011;4,2632
03.02.2011;4,2609
02.02.2011;4,2564
01.02.2011;4,2577
31.01.2011;4,2549
28.01.2011;4,2571
27.01.2011;4,2675
26.01.2011;4,2619
25.01.2011;4,2621
24.01.2011;4,2684
21.01.2011;4,2651
20.01.2011;4,2671
19.01.2011;4,2626
18.01.2011;4,2553
17.01.2011;4,2578
14.01.2011;4,2669
13.01.2011;4,2564
12.01.2011;4,2523
11.01.2011;4,2581
10.01.2011;4,2643
07.01.2011;4,2580
06.01.2011;4,2621
05.01.2011;4,2705
04.01.2011;4,2677
03.01.2011;4,2698
31.12.2010;4,2848
30.12.2010;4,2877
29.12.2010;4,2914
28.12.2010;4,2871
27.12.2010;4,2878
24.12.2010;4,2881
23.12.2010;4,2855
22.12.2010;4,2849
21.12.2010;4,2901
20.12.2010;4,2897
17.12.2010;4,2899
16.12.2010;4,2953
15.12.2010;4,2878
14.12.2010;4,2892
13.12.2010;4,2929
10.12.2010;4,2997
09.12.2010;4,3005
08.12.2010;4,2998
07.12.2010;4,3006
06.12.2010;4,3110
03.12.2010;4,2997
02.12.2010;4,2923
30.11.2010;4,2842
29.11.2010;4,2956
26.11.2010;4,3137
25.11.2010;4,2996
24.11.2010;4,3079
23.11.2010;4,3082
22.11.2010;4,2957
19.11.2010;4,2972
18.11.2010;4,2960
17.11.2010;4,2950
16.11.2010;4,2912
15.11.2010;4,2974
12.11.2010;4,2883
11.11.2010;4,2839
10.11.2010;4,2774
09.11.2010;4,2862
08.11.2010;4,2870
05.11.2010;4,2931
04.11.2010;4,2967
03.11.2010;4,2920
02.11.2010;4,2848
01.11.2010;4,2771
29.10.2010;4,2664
28.10.2010;4,2643
27.10.2010;4,2819
26.10.2010;4,2744
25.10.2010;4,2727
22.10.2010;4,3083
21.10.2010;4,3126
20.10.2010;4,3084
19.10.2010;4,2940
18.10.2010;4,2807
15.10.2010;4,2779
14.10.2010;4,2765
13.10.2010;4,2779
12.10.2010;4,2737
11.10.2010;4,2675
08.10.2010;4,2682
07.10.2010;4,2694
06.10.2010;4,2718
05.10.2010;4,2798
04.10.2010;4,2815
01.10.2010;4,2672
30.09.2010;4,2674
29.09.2010;4,2719
28.09.2010;4,2648
27.09.2010;4,2465
24.09.2010;4,2455
23.09.2010;4,2687
22.09.2010;4,2511
21.09.2010;4,2670
20.09.2010;4,2668
17.09.2010;4,2523
16.09.2010;4,2463
15.09.2010;4,2394
14.09.2010;4,2478
13.09.2010;4,2630
10.09.2010;4,2723
09.09.2010;4,2821
08.09.2010;4,2872
07.09.2010;4,2915
06.09.2010;4,2762
03.09.2010;4,2796
02.09.2010;4,2616
01.09.2010;4,2636
31.08.2010;4,2597
30.08.2010;4,2326
27.08.2010;4,2447
26.08.2010;4,2460
25.08.2010;4,2368
24.08.2010;4,2396
23.08.2010;4,2244
20.08.2010;4,2304
19.08.2010;4,2283
18.08.2010;4,2385
17.08.2010;4,2356
16.08.2010;4,2303
13.08.2010;4,2327
12.08.2010;4,2347
11.08.2010;4,2404
10.08.2010;4,2340
09.08.2010;4,2297
06.08.2010;4,2467
05.08.2010;4,2547
04.08.2010;4,2527
03.08.2010;4,2371
02.08.2010;4,2463
30.07.2010;4,2471
29.07.2010;4,2529
28.07.2010;4,2531
27.07.2010;4,2476
26.07.2010;4,2571
23.07.2010;4,2642
22.07.2010;4,2664
21.07.2010;4,2685
20.07.2010;4,2698
19.07.2010;4,2740
16.07.2010;4,2628
15.07.2010;4,2594
14.07.2010;4,2596
13.07.2010;4,2580
12.07.2010;4,2471
09.07.2010;4,2375
08.07.2010;4,2285
07.07.2010;4,2320
06.07.2010;4,2393
05.07.2010;4,2613
02.07.2010;4,3048
01.07.2010;4,3537
30.06.2010;4,3688
29.06.2010;4,3523
28.06.2010;4,3257
25.06.2010;4,2808
24.06.2010;4,2311
23.06.2010;4,2234
22.06.2010;4,2274
21.06.2010;4,2254
18.06.2010;4,2448
17.06.2010;4,2372
16.06.2010;4,2254
15.06.2010;4,2322
14.06.2010;4,2234
11.06.2010;4,2163
10.06.2010;4,2208
09.06.2010;4,2200
08.06.2010;4,2311
07.06.2010;4,2180
04.06.2010;4,2051
03.06.2010;4,1864
02.06.2010;4,1835
01.06.2010;4,1910
31.05.2010;4,1792
28.05.2010;4,1623
27.05.2010;4,1532
26.05.2010;4,1724
25.05.2010;4,1838
21.05.2010;4,1950
20.05.2010;4,1998
19.05.2010;4,1997
18.05.2010;4,1949
17.05.2010;4,1878
14.05.2010;4,1814
13.05.2010;4,1785
12.05.2010;4,1751
11.05.2010;4,1756
10.05.2010;4,1641
07.05.2010;4,1874
06.05.2010;4,1833
05.05.2010;4,1492
04.05.2010;4,1352
03.05.2010;4,1275
30.04.2010;4,1276
29.04.2010;4,1380
28.04.2010;4,1430
27.04.2010;4,1246
26.04.2010;4,1186
23.04.2010;4,1285
22.04.2010;4,1411
21.04.2010;4,1347
20.04.2010;4,1484
19.04.2010;4,1597
16.04.2010;4,1429
15.04.2010;4,1397
14.04.2010;4,1355
13.04.2010;4,1425
12.04.2010;4,1305
09.04.2010;4,1308
08.04.2010;4,1128
07.04.2010;4,0908
06.04.2010;4,0967
02.04.2010;4,1034
01.04.2010;4,1094
31.03.2010;4,0958
30.03.2010;4,0729
29.03.2010;4,0704
26.03.2010;4,0682
25.03.2010;4,0653
24.03.2010;4,0716
23.03.2010;4,0736
22.03.2010;4,0888
19.03.2010;4,0824
18.03.2010;4,0801
17.03.2010;4,0821
16.03.2010;4,0908
15.03.2010;4,0898
12.03.2010;4,0929
11.03.2010;4,0987
10.03.2010;4,0981
09.03.2010;4,1007
08.03.2010;4,0939
05.03.2010;4,0923
04.03.2010;4,0929
03.03.2010;4,1049
02.03.2010;4,1092
01.03.2010;4,1054
26.02.2010;4,1073
25.02.2010;4,1255
24.02.2010;4,1269
23.02.2010;4,1224
22.02.2010;4,1252
19.02.2010;4,1357
18.02.2010;4,1287
17.02.2010;4,1196
16.02.2010;4,1137
15.02.2010;4,1173
12.02.2010;4,1270
11.02.2010;4,1071
10.02.2010;4,1142
09.02.2010;4,1298
08.02.2010;4,1325
05.02.2010;4,1397
04.02.2010;4,1214
03.02.2010;4,0964
02.02.2010;4,0877
01.02.2010;4,0805
29.01.2010;4,1220
28.01.2010;4,1318
27.01.2010;4,1179
26.01.2010;4,1319
25.01.2010;4,1252
22.01.2010;4,1382
21.01.2010;4,1440
20.01.2010;4,1196
19.01.2010;4,1097
18.01.2010;4,1008
15.01.2010;4,1167
14.01.2010;4,1286
13.01.2010;4,1215
12.01.2010;4,1355
11.01.2010;4,1383
08.01.2010;4,1679
07.01.2010;4,1721
06.01.2010;4,1620
05.01.2010;4,2077
04.01.2010;4,2265
31.12.2009;4,2282
30.12.2009;4,2296
29.12.2009;4,2099
28.12.2009;4,1997
24.12.2009;4,2028
23.12.2009;4,2047
22.12.2009;4,2268
21.12.2009;4,2119
18.12.2009;4,2057
17.12.2009;4,2232
16.12.2009;4,2459
15.12.2009;4,2513
14.12.2009;4,2496
11.12.2009;4,2477
10.12.2009;4,2347
09.12.2009;4,2373
08.12.2009;4,2249
07.12.2009;4,2141
04.12.2009;4,2062
03.12.2009;4,2171
02.12.2009;4,2496
30.11.2009;4,2738
27.11.2009;4,2807
26.11.2009;4,2733
25.11.2009;4,2597
24.11.2009;4,2648
23.11.2009;4,2809
20.11.2009;4,2817
19.11.2009;4,2778
18.11.2009;4,2811
17.11.2009;4,2928
16.11.2009;4,2962
13.11.2009;4,2978
12.11.2009;4,2967
11.11.2009;4,2952
10.11.2009;4,2961
09.11.2009;4,2968
06.11.2009;4,2988
05.11.2009;4,2995
04.11.2009;4,3005
03.11.2009;4,3017
02.11.2009;4,3047
30.10.2009;4,2955
29.10.2009;4,3079
28.10.2009;4,2995
27.10.2009;4,2897
26.10.2009;4,2877
23.10.2009;4,2894
22.10.2009;4,2923
21.10.2009;4,2930
20.10.2009;4,2911
19.10.2009;4,2903
16.10.2009;4,2886
15.10.2009;4,2937
14.10.2009;4,2940
13.10.2009;4,2897
12.10.2009;4,2840
09.10.2009;4,2776
08.10.2009;4,2766
07.10.2009;4,2673
06.10.2009;4,2619
05.10.2009;4,2670
02.10.2009;4,2782
01.10.2009;4,2495
30.09.2009;4,1981
29.09.2009;4,1851
28.09.2009;4,1953
25.09.2009;4,2046
24.09.2009;4,2132
23.09.2009;4,2293
22.09.2009;4,2552
21.09.2009;4,2665
18.09.2009;4,2658
17.09.2009;4,2579
16.09.2009;4,2618
15.09.2009;4,2673
14.09.2009;4,2747
11.09.2009;4,2552
10.09.2009;4,2495
09.09.2009;4,2463
08.09.2009;4,2382
07.09.2009;4,2434
04.09.2009;4,2436
03.09.2009;4,2442
02.09.2009;4,2372
01.09.2009;4,2229
31.08.2009;4,2231
28.08.2009;4,2157
27.08.2009;4,2240
26.08.2009;4,2178
25.08.2009;4,2236
24.08.2009;4,2238
21.08.2009;4,2298
20.08.2009;4,2310
19.08.2009;4,2246
18.08.2009;4,2173
17.08.2009;4,2216
14.08.2009;4,2116
13.08.2009;4,2158
12.08.2009;4,2239
11.08.2009;4,2143
10.08.2009;4,2088
07.08.2009;4,2186
06.08.2009;4,2098
05.08.2009;4,2124
04.08.2009;4,2096
03.08.2009;4,2116
31.07.2009;4,2127
30.07.2009;4,2038
29.07.2009;4,2138
28.07.2009;4,2012
27.07.2009;4,2051
24.07.2009;4,2156
23.07.2009;4,2325
22.07.2009;4,2356
21.07.2009;4,2378
20.07.2009;4,2397
17.07.2009;4,2443
16.07.2009;4,2254
15.07.2009;4,2137
14.07.2009;4,2175
13.07.2009;4,2243
10.07.2009;4,2138
09.07.2009;4,2152
08.07.2009;4,2170
07.07.2009;4,2100
06.07.2009;4,2114
03.07.2009;4,2036
02.07.2009;4,2032
01.07.2009;4,1892
30.06.2009;4,2067
29.06.2009;4,2175
26.06.2009;4,2143
25.06.2009;4,2196
24.06.2009;4,2284
23.06.2009;4,2329
22.06.2009;4,2181
19.06.2009;4,2209
18.06.2009;4,2317
17.06.2009;4,2325
16.06.2009;4,2306
15.06.2009;4,2116
12.06.2009;4,1963
11.06.2009;4,1977
10.06.2009;4,1998
09.06.2009;4,2120
05.06.2009;4,2132
04.06.2009;4,2143
03.06.2009;4,1928
02.06.2009;4,1924
01.06.2009;4,1817
29.05.2009;4,1786
28.05.2009;4,1912
27.05.2009;4,1830
26.05.2009;4,1811
25.05.2009;4,1725
22.05.2009;4,1762
21.05.2009;4,1724
20.05.2009;4,1630
19.05.2009;4,1548
18.05.2009;4,1760
15.05.2009;4,1923
14.05.2009;4,1891
13.05.2009;4,1574
12.05.2009;4,1529
11.05.2009;4,1560
08.05.2009;4,1380
07.05.2009;4,1281
06.05.2009;4,1638
05.05.2009;4,1605
04.05.2009;4,1920
30.04.2009;4,1835
29.04.2009;4,1974
28.04.2009;4,2290
27.04.2009;4,2218
24.04.2009;4,2380
23.04.2009;4,2396
22.04.2009;4,2426
21.04.2009;4,2430
17.04.2009;4,2185
16.04.2009;4,2197
15.04.2009;4,1736
14.04.2009;4,1379
13.04.2009;4,1263
10.04.2009;4,1189
09.04.2009;4,1648
08.04.2009;4,1827
07.04.2009;4,1684
06.04.2009;4,1549
03.04.2009;4,1893
02.04.2009;4,2198
01.04.2009;4,2329
31.03.2009;4,2348
30.03.2009;4,2392
27.03.2009;4,2484
26.03.2009;4,2723
25.03.2009;4,2838
24.03.2009;4,2924
23.03.2009;4,2946
20.03.2009;4,2950
19.03.2009;4,2948
18.03.2009;4,2939
17.03.2009;4,2908
16.03.2009;4,2862
13.03.2009;4,2767
12.03.2009;4,2862
11.03.2009;4,2817
10.03.2009;4,2921
09.03.2009;4,2939
06.03.2009;4,2903
05.03.2009;4,2785
04.03.2009;4,2884
03.03.2009;4,2946
02.03.2009;4,2986
27.02.2009;4,2909
26.02.2009;4,2891
25.02.2009;4,2764
24.02.2009;4,2810
23.02.2009;4,2833
20.02.2009;4,2797
19.02.2009;4,2637
18.02.2009;4,2950
17.02.2009;4,3096
16.02.2009;4,3119
13.02.2009;4,2975
12.02.2009;4,2942
11.02.2009;4,2729
10.02.2009;4,2569
09.02.2009;4,2450
06.02.2009;4,2522
05.02.2009;4,2872
04.02.2009;4,2954
03.02.2009;4,2971
02.02.2009;4,2987
30.01.2009;4,2775
29.01.2009;4,2314
28.01.2009;4,2340
27.01.2009;4,2390
26.01.2009;4,2634
23.01.2009;4,2910
22.01.2009;4,3127
21.01.2009;4,3098
20.01.2009;4,3025
19.01.2009;4,2917
16.01.2009;4,2655
15.01.2009;4,2764
14.01.2009;4,2772
13.01.2009;4,2985
12.01.2009;4,2684
09.01.2009;4,2127
08.01.2009;4,1385
07.01.2009;4,0720
06.01.2009;4,0629
05.01.2009;4,0296
31.12.2008;3,9852
30.12.2008;3,9860
29.12.2008;3,9964
24.12.2008;3,9649
23.12.2008;3,9297
22.12.2008;3,9305
19.12.2008;3,9497
18.12.2008;3,9530
17.12.2008;3,9372
16.12.2008;3,9389
15.12.2008;3,9249
12.12.2008;3,9151
11.12.2008;3,9047
10.12.2008;3,8874
09.12.2008;3,8998
08.12.2008;3,8573
05.12.2008;3,8545
04.12.2008;3,8431
03.12.2008;3,8379
02.12.2008;3,8090
28.11.2008;3,7794
27.11.2008;3,8580
26.11.2008;3,8131
25.11.2008;3,7933
24.11.2008;3,7985
21.11.2008;3,7938
20.11.2008;3,8258
19.11.2008;3,8421
18.11.2008;3,8391
17.11.2008;3,7522
14.11.2008;3,7379
13.11.2008;3,8121
12.11.2008;3,8359
11.11.2008;3,7835
10.11.2008;3,7482
07.11.2008;3,7271
06.11.2008;3,7148
05.11.2008;3,6829
04.11.2008;3,6838
03.11.2008;3,6844
31.10.2008;3,6610
30.10.2008;3,6262
29.10.2008;3,6645
28.10.2008;3,7370
27.10.2008;3,6869
24.10.2008;3,6875
23.10.2008;3,6140
22.10.2008;3,5909
21.10.2008;3,6207
20.10.2008;3,6691
17.10.2008;3,7353
16.10.2008;3,7752
15.10.2008;3,7869
14.10.2008;3,7677
13.10.2008;3,7685
10.10.2008;3,7690
09.10.2008;3,8249
08.10.2008;3,9233
07.10.2008;3,9277
06.10.2008;3,9410
03.10.2008;3,8720
02.10.2008;3,7603
01.10.2008;3,7348
30.09.2008;3,7336
29.09.2008;3,7028
26.09.2008;3,6828
25.09.2008;3,6773
24.09.2008;3,6690
23.09.2008;3,6596
22.09.2008;3,6284
19.09.2008;3,6480
18.09.2008;3,6897
17.09.2008;3,6388
16.09.2008;3,6494
15.09.2008;3,6212
12.09.2008;3,6031
11.09.2008;3,6123
10.09.2008;3,5974
09.09.2008;3,5802
08.09.2008;3,5995
05.09.2008;3,6059
04.09.2008;3,5555
03.09.2008;3,5487
02.09.2008;3,5345
01.09.2008;3,5204
29.08.2008;3,5330
28.08.2008;3,5574
27.08.2008;3,5496
26.08.2008;3,5455
25.08.2008;3,5224
22.08.2008;3,5216
21.08.2008;3,5324
20.08.2008;3,5238
19.08.2008;3,5295
18.08.2008;3,5302
15.08.2008;3,5483
14.08.2008;3,5370
13.08.2008;3,5420
12.08.2008;3,5570
11.08.2008;3,5644
08.08.2008;3,5001
07.08.2008;3,4719
06.08.2008;3,4763
05.08.2008;3,5023
04.08.2008;3,5010
01.08.2008;3,5171
31.07.2008;3,5366
30.07.2008;3,5348
29.07.2008;3,5475
28.07.2008;3,5489
25.07.2008;3,5656
24.07.2008;3,5721
23.07.2008;3,5842
22.07.2008;3,5666
21.07.2008;3,5474
18.07.2008;3,5581
17.07.2008;3,5705
16.07.2008;3,5952
15.07.2008;3,6026
14.07.2008;3,5794
11.07.2008;3,5829
10.07.2008;3,5507
09.07.2008;3,5434
08.07.2008;3,5934
07.07.2008;3,6066
04.07.2008;3,6139
03.07.2008;3,6365
02.07.2008;3,6404
01.07.2008;3,6435
30.06.2008;3,6475
27.06.2008;3,6561
26.06.2008;3,6542
25.06.2008;3,6639
24.06.2008;3,6760
23.06.2008;3,6737
20.06.2008;3,6688
19.06.2008;3,6732
18.06.2008;3,6629
17.06.2008;3,6612
16.06.2008;3,6601
13.06.2008;3,6724
12.06.2008;3,6659
11.06.2008;3,6673
10.06.2008;3,6658
09.06.2008;3,6810
06.06.2008;3,6422
05.06.2008;3,6198
04.06.2008;3,6284
03.06.2008;3,6215
02.06.2008;3,6082
30.05.2008;3,6213
29.05.2008;3,6499
28.05.2008;3,6716
27.05.2008;3,6731
26.05.2008;3,6698
23.05.2008;3,6755
22.05.2008;3,6767
21.05.2008;3,6412
20.05.2008;3,6361
19.05.2008;3,6347
16.05.2008;3,6573
15.05.2008;3,6645
14.05.2008;3,6678
13.05.2008;3,6632
12.05.2008;3,6775
09.05.2008;3,6952
08.05.2008;3,6816
07.05.2008;3,6615
06.05.2008;3,6506
05.05.2008;3,6323
02.05.2008;3,6467
30.04.2008;3,6759
29.04.2008;3,6531
25.04.2008;3,6055
24.04.2008;3,5768
23.04.2008;3,5614
22.04.2008;3,5638
21.04.2008;3,5640
18.04.2008;3,6066
17.04.2008;3,6167
16.04.2008;3,6317
15.04.2008;3,6144
14.04.2008;3,6238
11.04.2008;3,6130
10.04.2008;3,6704
09.04.2008;3,6747
08.04.2008;3,6725
07.04.2008;3,6949
04.04.2008;3,7145
03.04.2008;3,7104
02.04.2008;3,7180
01.04.2008;3,7322
31.03.2008;3,7276
28.03.2008;3,7202
27.03.2008;3,7176
26.03.2008;3,7155
25.03.2008;3,7083
24.03.2008;3,7220
21.03.2008;3,7230
20.03.2008;3,7232
19.03.2008;3,7277
18.03.2008;3,7418
17.03.2008;3,7608
14.03.2008;3,7100
13.03.2008;3,7161
12.03.2008;3,6799
11.03.2008;3,6984
10.03.2008;3,7164
07.03.2008;3,7376
06.03.2008;3,6983
05.03.2008;3,7197
04.03.2008;3,7329
03.03.2008;3,7617
29.02.2008;3,7269
28.02.2008;3,6548
27.02.2008;3,6474
26.02.2008;3,6430
25.02.2008;3,6590
22.02.2008;3,6728
21.02.2008;3,6578
20.02.2008;3,6475
19.02.2008;3,6388
18.02.2008;3,6379
15.02.2008;3,6388
14.02.2008;3,6436
13.02.2008;3,6349
12.02.2008;3,6323
11.02.2008;3,6521
08.02.2008;3,6760
07.02.2008;3,6670
06.02.2008;3,6579
05.02.2008;3,6249
04.02.2008;3,6095
01.02.2008;3,6854
31.01.2008;3,7011
30.01.2008;3,7246
29.01.2008;3,7420
28.01.2008;3,7690
25.01.2008;3,7694
24.01.2008;3,7695
23.01.2008;3,7635
22.01.2008;3,7619
21.01.2008;3,7202
18.01.2008;3,6972
17.01.2008;3,6854
16.01.2008;3,7044
15.01.2008;3,6978
14.01.2008;3,7106
11.01.2008;3,6621
10.01.2008;3,6822
09.01.2008;3,6333
08.01.2008;3,5925
07.01.2008;3,5798
04.01.2008;3,5897
03.01.2008;3,5971
28.12.2007;3,6102
27.12.2007;3,5282
24.12.2007;3,4673
21.12.2007;3,4943
20.12.2007;3,5200
19.12.2007;3,5424
18.12.2007;3,5568
17.12.2007;3,5584
14.12.2007;3,5484
13.12.2007;3,5233
12.12.2007;3,5260
11.12.2007;3,5163
10.12.2007;3,5150
07.12.2007;3,5121
06.12.2007;3,5199
05.12.2007;3,5463
04.12.2007;3,5278
03.12.2007;3,5078
30.11.2007;3,4973
29.11.2007;3,5248
28.11.2007;3,5615
27.11.2007;3,5865
26.11.2007;3,5921
23.11.2007;3,6221
22.11.2007;3,5944
21.11.2007;3,5393
20.11.2007;3,4948
19.11.2007;3,4833
16.11.2007;3,4764
15.11.2007;3,4615
14.11.2007;3,4477
13.11.2007;3,4451
12.11.2007;3,4414
09.11.2007;3,4112
08.11.2007;3,4099
07.11.2007;3,3969
06.11.2007;3,3671
05.11.2007;3,3458
02.11.2007;3,3408
01.11.2007;3,3157
31.10.2007;3,3360
30.10.2007;3,3433
29.10.2007;3,3402
26.10.2007;3,3508
25.10.2007;3,3463
24.10.2007;3,3711
23.10.2007;3,3733
22.10.2007;3,3995
19.10.2007;3,3618
18.10.2007;3,3451
17.10.2007;3,3484
16.10.2007;3,3561
15.10.2007;3,3348
12.10.2007;3,3366
11.10.2007;3,3295
10.10.2007;3,3185
09.10.2007;3,3550
08.10.2007;3,3479
05.10.2007;3,3637
04.10.2007;3,3735
03.10.2007;3,3711
02.10.2007;3,3524
01.10.2007;3,3515
28.09.2007;3,3559
27.09.2007;3,3803
26.09.2007;3,3822
25.09.2007;3,3871
24.09.2007;3,3839
21.09.2007;3,4026
20.09.2007;3,3733
19.09.2007;3,3720
18.09.2007;3,3783
17.09.2007;3,3908
14.09.2007;3,3592
13.09.2007;3,3177
12.09.2007;3,3139
11.09.2007;3,3120
10.09.2007;3,3128
07.09.2007;3,3069
06.09.2007;3,3232
05.09.2007;3,3238
04.09.2007;3,2934
03.09.2007;3,2627
31.08.2007;3,2719
30.08.2007;3,2595
29.08.2007;3,2574
28.08.2007;3,2494
27.08.2007;3,2492
24.08.2007;3,2599
23.08.2007;3,2524
22.08.2007;3,2659
21.08.2007;3,2772
20.08.2007;3,2576
17.08.2007;3,2754
16.08.2007;3,2502
15.08.2007;3,2260
14.08.2007;3,1967
13.08.2007;3,1944
10.08.2007;3,1890
09.08.2007;3,1702
08.08.2007;3,1720
07.08.2007;3,1743
06.08.2007;3,1768
03.08.2007;3,1664
02.08.2007;3,1751
01.08.2007;3,1786
31.07.2007;3,1582
30.07.2007;3,1670
27.07.2007;3,1580
26.07.2007;3,1374
25.07.2007;3,1323
24.07.2007;3,1204
23.07.2007;3,1291
20.07.2007;3,1334
19.07.2007;3,1276
18.07.2007;3,1289
17.07.2007;3,1285
16.07.2007;3,1295
13.07.2007;3,1348
12.07.2007;3,1370
11.07.2007;3,1294
10.07.2007;3,1392
09.07.2007;3,1231
06.07.2007;3,1212
05.07.2007;3,1359
04.07.2007;3,1354
03.07.2007;3,1231
02.07.2007;3,1112
29.06.2007;3,1340
28.06.2007;3,1661
27.06.2007;3,1699
26.06.2007;3,1816
25.06.2007;3,1782
22.06.2007;3,1774
21.06.2007;3,1999
20.06.2007;3,2126
19.06.2007;3,2215
18.06.2007;3,2180
15.06.2007;3,2395
14.06.2007;3,2519
13.06.2007;3,2721
12.06.2007;3,2606
11.06.2007;3,2726
08.06.2007;3,2850
07.06.2007;3,2667
06.06.2007;3,2646
05.06.2007;3,2560
04.06.2007;3,2605
01.06.2007;3,2648
31.05.2007;3,2724
30.05.2007;3,2723
29.05.2007;3,2725
28.05.2007;3,2705
25.05.2007;3,2751
24.05.2007;3,2742
23.05.2007;3,2785
22.05.2007;3,2690
21.05.2007;3,2580
18.05.2007;3,2708
17.05.2007;3,2766
16.05.2007;3,2777
15.05.2007;3,2831
14.05.2007;3,2755
11.05.2007;3,2863
10.05.2007;3,2841
09.05.2007;3,2974
08.05.2007;3,3060
07.05.2007;3,3118
04.05.2007;3,3197
03.05.2007;3,3136
02.05.2007;3,3241
30.04.2007;3,3272
27.04.2007;3,3222
26.04.2007;3,3104
25.04.2007;3,3300
24.04.2007;3,3374
23.04.2007;3,3393
20.04.2007;3,3328
19.04.2007;3,3370
18.04.2007;3,3298
17.04.2007;3,3306
16.04.2007;3,3363
13.04.2007;3,3414
12.04.2007;3,3406
11.04.2007;3,3384
10.04.2007;3,3447
06.04.2007;3,3381
05.04.2007;3,3350
04.04.2007;3,3373
03.04.2007;3,3419
02.04.2007;3,3474
30.03.2007;3,3548
29.03.2007;3,3658
28.03.2007;3,3675
27.03.2007;3,3678
26.03.2007;3,3579
23.03.2007;3,3528
22.03.2007;3,3469
21.03.2007;3,3499
20.03.2007;3,3388
19.03.2007;3,3477
16.03.2007;3,3639
15.03.2007;3,3722
14.03.2007;3,3810
13.03.2007;3,3733
12.03.2007;3,3677
09.03.2007;3,3761
08.03.2007;3,3792
07.03.2007;3,3880
06.03.2007;3,3894
05.03.2007;3,4006
02.03.2007;3,3926
01.03.2007;3,3920
28.02.2007;3,3961
27.02.2007;3,3853
26.02.2007;3,3786
23.02.2007;3,3771
22.02.2007;3,3822
21.02.2007;3,3826
20.02.2007;3,3814
19.02.2007;3,3727
16.02.2007;3,3763
15.02.2007;3,3803
14.02.2007;3,3876
13.02.2007;3,3945
12.02.2007;3,3943
09.02.2007;3,3852
08.02.2007;3,3747
07.02.2007;3,3663
06.02.2007;3,3678
05.02.2007;3,3789
02.02.2007;3,3877
01.02.2007;3,3974
31.01.2007;3,4084
30.01.2007;3,4104
29.01.2007;3,4047
26.01.2007;3,4107
25.01.2007;3,3898
24.01.2007;3,3982
23.01.2007;3,3943
22.01.2007;3,3796
19.01.2007;3,3824
18.01.2007;3,3904
17.01.2007;3,3998
16.01.2007;3,3846
15.01.2007;3,3880
12.01.2007;3,4046
11.01.2007;3,4053
10.01.2007;3,4103
09.01.2007;3,3876
08.01.2007;3,3871
05.01.2007;3,3914
04.01.2007;3,3834
03.01.2007;3,3560
29.12.2006;3,3817
28.12.2006;3,3982
27.12.2006;3,3691
22.12.2006;3,3576
21.12.2006;3,3801
20.12.2006;3,4179
19.12.2006;3,4248
18.12.2006;3,4238
15.12.2006;3,4261
14.12.2006;3,4287
13.12.2006;3,4208
12.12.2006;3,4304
11.12.2006;3,4321
08.12.2006;3,4301
07.12.2006;3,4295
06.12.2006;3,4389
05.12.2006;3,4311
04.12.2006;3,4322
30.11.2006;3,4344
29.11.2006;3,4625
28.11.2006;3,4692
27.11.2006;3,4825
24.11.2006;3,4904
23.11.2006;3,4861
22.11.2006;3,4995
21.11.2006;3,4862
20.11.2006;3,4930
17.11.2006;3,4909
16.11.2006;3,4933
15.11.2006;3,4952
14.11.2006;3,5057
13.11.2006;3,5091
10.11.2006;3,5124
09.11.2006;3,5072
08.11.2006;3,5081
07.11.2006;3,5118
06.11.2006;3,5113
03.11.2006;3,5193
02.11.2006;3,5163
01.11.2006;3,5145
31.10.2006;3,5211
30.10.2006;3,5217
27.10.2006;3,5215
26.10.2006;3,5146
25.10.2006;3,5236
24.10.2006;3,5359
23.10.2006;3,5299
20.10.2006;3,5128
19.10.2006;3,5173
18.10.2006;3,5218
17.10.2006;3,5045
16.10.2006;3,5010
13.10.2006;3,5062
12.10.2006;3,5093
11.10.2006;3,5057
10.10.2006;3,5068
09.10.2006;3,5102
06.10.2006;3,5212
05.10.2006;3,5319
04.10.2006;3,5352
03.10.2006;3,5332
02.10.2006;3,5361
29.09.2006;3,5334
28.09.2006;3,5415
27.09.2006;3,5355
26.09.2006;3,5408
25.09.2006;3,5487
22.09.2006;3,5647
21.09.2006;3,5318
20.09.2006;3,5342
19.09.2006;3,5304
18.09.2006;3,5122
15.09.2006;3,5039
14.09.2006;3,5027
13.09.2006;3,5050
12.09.2006;3,5173
11.09.2006;3,5176
08.09.2006;3,5236
07.09.2006;3,5263
06.09.2006;3,5197
05.09.2006;3,5275
04.09.2006;3,5258
01.09.2006;3,5252
31.08.2006;3,5302
30.08.2006;3,5334
29.08.2006;3,5292
28.08.2006;3,5238
25.08.2006;3,5302
24.08.2006;3,5314
23.08.2006;3,5265
22.08.2006;3,5297
21.08.2006;3,5320
18.08.2006;3,5261
17.08.2006;3,5295
16.08.2006;3,5252
15.08.2006;3,5285
14.08.2006;3,5237
11.08.2006;3,5155
10.08.2006;3,5148
09.08.2006;3,5172
08.08.2006;3,5271
07.08.2006;3,5150
04.08.2006;3,5256
03.08.2006;3,5337
02.08.2006;3,5413
01.08.2006;3,5480
31.07.2006;3,5458
28.07.2006;3,5524
27.07.2006;3,5495
26.07.2006;3,5476
25.07.2006;3,5470
24.07.2006;3,5672
21.07.2006;3,5811
20.07.2006;3,5642
19.07.2006;3,5942
18.07.2006;3,5853
17.07.2006;3,5901
14.07.2006;3,5947
13.07.2006;3,5887
12.07.2006;3,5699
11.07.2006;3,5679
10.07.2006;3,5846
07.07.2006;3,5842
06.07.2006;3,5989
05.07.2006;3,5792
04.07.2006;3,5580
03.07.2006;3,5679
30.06.2006;3,5686
29.06.2006;3,5892
28.06.2006;3,5952
27.06.2006;3,6067
26.06.2006;3,6382
23.06.2006;3,6083
22.06.2006;3,5829
21.06.2006;3,5474
20.06.2006;3,5248
19.06.2006;3,5231
16.06.2006;3,5226
15.06.2006;3,5246
14.06.2006;3,5244
13.06.2006;3,5382
12.06.2006;3,5201
09.06.2006;3,5172
08.06.2006;3,5156
07.06.2006;3,5134
06.06.2006;3,5229
05.06.2006;3,5295
02.06.2006;3,5182
01.06.2006;3,5309
31.05.2006;3,5386
30.05.2006;3,5305
29.05.2006;3,5142
26.05.2006;3,5218
25.05.2006;3,5464
24.05.2006;3,5544
23.05.2006;3,5529
22.05.2006;3,5512
19.05.2006;3,5190
18.05.2006;3,5351
17.05.2006;3,5012
16.05.2006;3,5292
15.05.2006;3,5418
12.05.2006;3,4840
11.05.2006;3,4659
10.05.2006;3,4662
09.05.2006;3,4648
08.05.2006;3,4630
05.05.2006;3,4678
04.05.2006;3,4648
03.05.2006;3,4637
02.05.2006;3,4790
28.04.2006;3,4743
27.04.2006;3,4749
26.04.2006;3,4730
25.04.2006;3,4578
21.04.2006;3,4666
20.04.2006;3,4824
19.04.2006;3,4814
18.04.2006;3,4873
17.04.2006;3,4850
14.04.2006;3,4958
13.04.2006;3,4915
12.04.2006;3,4887
11.04.2006;3,4946
10.04.2006;3,4960
07.04.2006;3,5101
06.04.2006;3,5182
05.04.2006;3,5248
04.04.2006;3,5155
03.04.2006;3,5121
31.03.2006;3,5210
30.03.2006;3,5258
29.03.2006;3,5300
28.03.2006;3,5247
27.03.2006;3,5062
24.03.2006;3,5105
23.03.2006;3,5128
22.03.2006;3,5360
21.03.2006;3,5130
20.03.2006;3,5050
17.03.2006;3,5018
16.03.2006;3,5201
15.03.2006;3,5260
14.03.2006;3,5391
13.03.2006;3,5080
10.03.2006;3,5008
09.03.2006;3,4978
08.03.2006;3,4906
07.03.2006;3,4879
06.03.2006;3,4803
03.03.2006;3,4807
02.03.2006;3,4766
01.03.2006;3,4755
28.02.2006;3,4814
27.02.2006;3,5058
24.02.2006;3,5049
23.02.2006;3,5061
22.02.2006;3,5045
21.02.2006;3,4954
20.02.2006;3,5042
17.02.2006;3,5085
16.02.2006;3,5255
15.02.2006;3,5301
14.02.2006;3,5321
13.02.2006;3,5272
10.02.2006;3,5397
09.02.2006;3,5513
08.02.2006;3,5785
07.02.2006;3,5875
06.02.2006;3,6002
03.02.2006;3,6074
02.02.2006;3,6040
01.02.2006;3,6138
31.01.2006;3,6151
30.01.2006;3,6120
27.01.2006;3,6242
26.01.2006;3,6174
25.01.2006;3,6324
24.01.2006;3,6301
23.01.2006;3,6348
20.01.2006;3,6448
19.01.2006;3,6456
18.01.2006;3,6486
17.01.2006;3,6477
16.01.2006;3,6345
13.01.2006;3,6302
12.01.2006;3,6391
11.01.2006;3,6322
10.01.2006;3,6518
09.01.2006;3,6733
06.01.2006;3,6821
05.01.2006;3,6846
04.01.2006;3,6767
03.01.2006;3,6765
30.12.2005;3,6771
29.12.2005;3,6908
28.12.2005;3,6878
27.12.2005;3,6629
23.12.2005;3,6617
22.12.2005;3,6623
21.12.2005;3,6588
20.12.2005;3,6597
19.12.2005;3,6494
16.12.2005;3,6632
15.12.2005;3,6474
14.12.2005;3,6533
13.12.2005;3,6457
12.12.2005;3,6426
09.12.2005;3,6377
08.12.2005;3,6500
07.12.2005;3,6597
06.12.2005;3,6522
05.12.2005;3,6548
02.12.2005;3,6614
30.11.2005;3,6549
29.11.2005;3,6449
28.11.2005;3,6543
25.11.2005;3,6578
24.11.2005;3,6524
23.11.2005;3,6634
22.11.2005;3,6663
21.11.2005;3,6561
18.11.2005;3,6390
17.11.2005;3,6310
16.11.2005;3,6422
15.11.2005;3,6301
14.11.2005;3,6375
11.11.2005;3,6255
10.11.2005;3,6276
09.11.2005;3,6683
08.11.2005;3,6834
07.11.2005;3,6901
04.11.2005;3,6663
03.11.2005;3,6591
02.11.2005;3,6560
01.11.2005;3,6594
31.10.2005;3,6503
28.10.2005;3,6255
27.10.2005;3,6184
26.10.2005;3,6055
25.10.2005;3,6057
24.10.2005;3,5983
21.10.2005;3,6137
20.10.2005;3,6069
19.10.2005;3,5979
18.10.2005;3,5983
17.10.2005;3,6123
14.10.2005;3,6127
13.10.2005;3,6203
12.10.2005;3,5906
11.10.2005;3,5956
10.10.2005;3,5966
07.10.2005;3,5866
06.10.2005;3,5734
05.10.2005;3,5580
04.10.2005;3,5477
03.10.2005;3,5521
30.09.2005;3,5586
29.09.2005;3,5450
28.09.2005;3,5422
27.09.2005;3,5240
26.09.2005;3,5518
23.09.2005;3,5692
22.09.2005;3,5170
21.09.2005;3,4881
20.09.2005;3,4860
19.09.2005;3,4797
16.09.2005;3,4772
15.09.2005;3,4797
14.09.2005;3,4976
13.09.2005;3,4975
12.09.2005;3,4978
09.09.2005;3,4851
08.09.2005;3,5016
07.09.2005;3,4959
06.09.2005;3,4992
05.09.2005;3,5084
02.09.2005;3,5135
01.09.2005;3,5108
31.08.2005;3,5111
30.08.2005;3,5005
29.08.2005;3,5305
26.08.2005;3,5367
25.08.2005;3,5086
24.08.2005;3,5091
23.08.2005;3,5142
22.08.2005;3,5373
19.08.2005;3,5620
18.08.2005;3,5787
17.08.2005;3,5905
16.08.2005;3,5869
15.08.2005;3,5720
12.08.2005;3,5389
11.08.2005;3,4607
10.08.2005;3,4022
09.08.2005;3,4264
08.08.2005;3,4306
05.08.2005;3,4508
04.08.2005;3,4455
03.08.2005;3,4592
02.08.2005;3,4776
01.08.2005;3,5014
29.07.2005;3,5237
28.07.2005;3,5197
27.07.2005;3,5272
26.07.2005;3,5447
25.07.2005;3,5532
22.07.2005;3,5579
21.07.2005;3,5616
20.07.2005;3,5614
19.07.2005;3,5632
18.07.2005;3,5635
15.07.2005;3,5664
14.07.2005;3,5680
13.07.2005;3,5704
12.07.2005;3,5735
11.07.2005;3,5792
08.07.2005;3,5877
07.07.2005;3,5954
06.07.2005;3,5973
05.07.2005;3,5979
04.07.2005;3,5986